// zh_tables.hpp — GENERATED by tools/export_zh_norm.py, DO NOT EDIT.
// Sources: text/zh_normalization/char_convert.py (t2s),
//          text/opencpop-strict.txt (pinyin->phones),
//          text/zh_normalization/quantifier.py measure_dict.
#pragma once

#include <cstddef>
#include <cstdint>
#include <utility>

namespace gsv::textfront {

// traditional -> simplified single codepoint, sorted by .first
inline const std::pair<uint32_t, uint32_t> kT2sPairs[10703] = {
    {0x25CB,0x25CB}, {0x3001,0x3001}, {0x3007,0x3007}, {0x3404,0x3404}, {0x3405,0x3405}, {0x3406,0x3406}, {0x340C,0x340C}, {0x3416,0x3416},
    {0x341C,0x341C}, {0x3421,0x3421}, {0x3424,0x3424}, {0x3430,0x3430}, {0x343A,0x343A}, {0x3447,0x3447}, {0x3473,0x3473}, {0x34B3,0x34B3},
    {0x34B8,0x34B8}, {0x353E,0x353E}, {0x35C2,0x35C2}, {0x35CE,0x35CE}, {0x3775,0x3775}, {0x378E,0x378E}, {0x3799,0x3799}, {0x379E,0x379E},
    {0x382F,0x4EE5}, {0x38B2,0x38B2}, {0x38B4,0x38B4}, {0x3905,0x3905}, {0x3941,0x3941}, {0x396F,0x396F}, {0x3A17,0x3A17}, {0x3AFA,0x3AFA},
    {0x3B0E,0x3B0E}, {0x3B8E,0x3B8E}, {0x3B9A,0x3B9A}, {0x3BB8,0x3BB8}, {0x3C8B,0x3C8B}, {0x3CB1,0x3CB1}, {0x3CBE,0x3CBE}, {0x3CEE,0x3CEE},
    {0x3D4E,0x6DA7}, {0x3D6A,0x3D6A}, {0x3DB8,0x3DB8}, {0x3DD6,0x3DD6}, {0x3DED,0x3DED}, {0x3E62,0x3E62}, {0x3E74,0x3E74}, {0x3EA2,0x3EA2},
    {0x3EB5,0x3EB5}, {0x3F1D,0x7897}, {0x3F6E,0x3F6E}, {0x3FDD,0x3FDD}, {0x4343,0x4343}, {0x4522,0x4522}, {0x459F,0x459F}, {0x45B8,0x45B8},
    {0x45C8,0x45C8}, {0x45E5,0x45E5}, {0x45EA,0x45EA}, {0x4753,0x4753}, {0x4836,0x5C04}, {0x496F,0x496F}, {0x4989,0x4989}, {0x4BDD,0x4BDD},
    {0x4C3E,0x9C83}, {0x4C94,0x4C94}, {0x4CD7,0x4CD7}, {0x4CD8,0x9E45}, {0x4D79,0x4D79}, {0x4D91,0x4D91}, {0x4E00,0x4E00}, {0x4E01,0x4E01},
    {0x4E02,0x4E02}, {0x4E03,0x4E03}, {0x4E04,0x4E04}, {0x4E05,0x4E05}, {0x4E06,0x4E06}, {0x4E07,0x4E07}, {0x4E08,0x4E08}, {0x4E09,0x4E09},
    {0x4E0A,0x4E0A}, {0x4E0B,0x4E0B}, {0x4E0C,0x4E0C}, {0x4E0D,0x4E0D}, {0x4E0F,0x4E0F}, {0x4E10,0x4E10}, {0x4E11,0x4E11}, {0x4E12,0x4E12},
    {0x4E14,0x4E14}, {0x4E15,0x4E15}, {0x4E16,0x4E16}, {0x4E17,0x4E17}, {0x4E18,0x4E18}, {0x4E19,0x4E19}, {0x4E1E,0x4E1E}, {0x4E1F,0x4E22},
    {0x4E20,0x4E20}, {0x4E21,0x4E21}, {0x4E23,0x4E23}, {0x4E26,0x5E76}, {0x4E28,0x4E28}, {0x4E29,0x4E29}, {0x4E2B,0x4E2B}, {0x4E2D,0x4E2D},
    {0x4E2E,0x4E2E}, {0x4E30,0x4E30}, {0x4E31,0x4E31}, {0x4E32,0x4E32}, {0x4E33,0x4E33}, {0x4E35,0x4E35}, {0x4E36,0x4E36}, {0x4E37,0x4E37},
    {0x4E38,0x4E38}, {0x4E39,0x4E39}, {0x4E3B,0x4E3B}, {0x4E3C,0x4E3C}, {0x4E3F,0x4E3F}, {0x4E40,0x4E40}, {0x4E42,0x4E42}, {0x4E43,0x4E43},
    {0x4E44,0x4E44}, {0x4E45,0x4E45}, {0x4E46,0x4E46}, {0x4E47,0x4E47}, {0x4E48,0x4E48}, {0x4E4A,0x4E4A}, {0x4E4B,0x4E4B}, {0x4E4D,0x4E4D},
    {0x4E4E,0x4E4E}, {0x4E4F,0x4E4F}, {0x4E51,0x4E51}, {0x4E52,0x4E52}, {0x4E53,0x4E53}, {0x4E55,0x4E55}, {0x4E56,0x4E56}, {0x4E57,0x4E57},
    {0x4E58,0x4E58}, {0x4E59,0x4E59}, {0x4E5A,0x4E5A}, {0x4E5B,0x4E5B}, {0x4E5C,0x4E5C}, {0x4E5D,0x4E5D}, {0x4E5E,0x4E5E}, {0x4E5F,0x4E5F},
    {0x4E62,0x4E62}, {0x4E63,0x4E63}, {0x4E64,0x4E64}, {0x4E65,0x4E65}, {0x4E67,0x4E67}, {0x4E68,0x4E68}, {0x4E69,0x4E69}, {0x4E6A,0x4E6A},
    {0x4E6B,0x4E6B}, {0x4E6D,0x4E6D}, {0x4E73,0x4E73}, {0x4E74,0x4E74}, {0x4E75,0x4E75}, {0x4E76,0x4E76}, {0x4E77,0x4E77}, {0x4E78,0x4E78},
    {0x4E79,0x4E79}, {0x4E7A,0x4E7A}, {0x4E7C,0x4E7C}, {0x4E7E,0x4E7E}, {0x4E7F,0x4E7F}, {0x4E80,0x4E80}, {0x4E81,0x4E81}, {0x4E82,0x4E71},
    {0x4E83,0x4E83}, {0x4E84,0x4E84}, {0x4E85,0x4E85}, {0x4E86,0x4E86}, {0x4E87,0x4E87}, {0x4E88,0x4E88}, {0x4E8B,0x4E8B}, {0x4E8C,0x4E8C},
    {0x4E8D,0x4E8D}, {0x4E8E,0x4E8E}, {0x4E90,0x4E90}, {0x4E91,0x4E91}, {0x4E92,0x4E92}, {0x4E93,0x4E93}, {0x4E94,0x4E94}, {0x4E95,0x4E95},
    {0x4E96,0x4E96}, {0x4E99,0x4E98}, {0x4E9B,0x4E9B}, {0x4E9C,0x4E9C}, {0x4E9E,0x4E9A}, {0x4E9F,0x4E9F}, {0x4EA1,0x4EA1}, {0x4EA2,0x4EA2},
    {0x4EA4,0x4EA4}, {0x4EA5,0x4EA5}, {0x4EA6,0x4EA6}, {0x4EA8,0x4EA8}, {0x4EAA,0x4EAA}, {0x4EAB,0x4EAB}, {0x4EAC,0x4EAC}, {0x4EAD,0x4EAD},
    {0x4EAE,0x4EAE}, {0x4EB3,0x4EB3}, {0x4EB6,0x4EB6}, {0x4EB9,0x4EB9}, {0x4EBA,0x4EBA}, {0x4EBB,0x4EBB}, {0x4EBC,0x4EBC}, {0x4EBD,0x4EBD},
    {0x4EBE,0x4EA1}, {0x4EC0,0x4EC0}, {0x4EC1,0x4EC1}, {0x4EC2,0x4EC2}, {0x4EC3,0x4EC3}, {0x4EC4,0x4EC4}, {0x4EC6,0x4EC6}, {0x4EC7,0x4EC7},
    {0x4EC8,0x4EC8}, {0x4EC9,0x4EC9}, {0x4ECA,0x4ECA}, {0x4ECB,0x4ECB}, {0x4ECD,0x4ECD}, {0x4ECF,0x4ECF}, {0x4ED2,0x4ED2}, {0x4ED4,0x4ED4},
    {0x4ED5,0x4ED5}, {0x4ED6,0x4ED6}, {0x4ED7,0x4ED7}, {0x4ED8,0x4ED8}, {0x4ED9,0x4ED9}, {0x4EDA,0x4EDA}, {0x4EDD,0x4EDD}, {0x4EDE,0x4EDE},
    {0x4EDF,0x4EDF}, {0x4EE1,0x4EE1}, {0x4EE3,0x4EE3}, {0x4EE4,0x4EE4}, {0x4EE5,0x4EE5}, {0x4EE8,0x4EE8}, {0x4EEB,0x4EEB}, {0x4EEE,0x4EEE},
    {0x4EF0,0x4EF0}, {0x4EF2,0x4EF2}, {0x4EF3,0x4EF3}, {0x4EF5,0x4EF5}, {0x4EF6,0x4EF6}, {0x4EFB,0x4EFB}, {0x4EFD,0x4EFD}, {0x4EFF,0x4EFF},
    {0x4F00,0x4F00}, {0x4F01,0x4F01}, {0x4F04,0x4F04}, {0x4F08,0x4F08}, {0x4F09,0x4F09}, {0x4F0A,0x4F0A}, {0x4F0B,0x4F0B}, {0x4F0D,0x4F0D},
    {0x4F0E,0x4F0E}, {0x4F0F,0x4F0F}, {0x4F10,0x4F10}, {0x4F11,0x4F11}, {0x4F15,0x4F15}, {0x4F19,0x4F19}, {0x4F1C,0x4F1C}, {0x4F1D,0x4F1D},
    {0x4F22,0x4F22}, {0x4F2F,0x4F2F}, {0x4F30,0x4F30}, {0x4F31,0x4F31}, {0x4F32,0x4F32}, {0x4F34,0x4F34}, {0x4F36,0x4F36}, {0x4F38,0x4F38},
    {0x4F39,0x4F39}, {0x4F3A,0x4F3A}, {0x4F3B,0x4F3B}, {0x4F3C,0x4F3C}, {0x4F3D,0x4F3D}, {0x4F3E,0x4F3E}, {0x4F40,0x4F3C}, {0x4F43,0x4F43},
    {0x4F46,0x4F46}, {0x4F47,0x4F2B}, {0x4F48,0x5E03}, {0x4F49,0x4F49}, {0x4F4C,0x4F4C}, {0x4F4D,0x4F4D}, {0x4F4E,0x4F4E}, {0x4F4F,0x4F4F},
    {0x4F50,0x4F50}, {0x4F51,0x4F51}, {0x4F54,0x5360}, {0x4F55,0x4F55}, {0x4F57,0x4F57}, {0x4F58,0x4F58}, {0x4F59,0x4F59}, {0x4F5A,0x4F5A},
    {0x4F5B,0x4F5B}, {0x4F5C,0x4F5C}, {0x4F5D,0x4F5D}, {0x4F5E,0x4F5E}, {0x4F5F,0x4F5F}, {0x4F60,0x4F60}, {0x4F61,0x4F61}, {0x4F62,0x4F62},
    {0x4F63,0x4F63}, {0x4F64,0x4F64}, {0x4F67,0x4F67}, {0x4F69,0x4F69}, {0x4F6A,0x4F6A}, {0x4F6B,0x4F6B}, {0x4F6C,0x4F6C}, {0x4F6F,0x4F6F},
    {0x4F70,0x4F70}, {0x4F71,0x4F71}, {0x4F73,0x4F73}, {0x4F74,0x4F74}, {0x4F75,0x5E76}, {0x4F76,0x4F76}, {0x4F77,0x4F77}, {0x4F78,0x4F78},
    {0x4F79,0x4F79}, {0x4F7A,0x4F7A}, {0x4F7B,0x4F7B}, {0x4F7C,0x4F7C}, {0x4F7D,0x4F7D}, {0x4F7E,0x4F7E}, {0x4F7F,0x4F7F}, {0x4F80,0x4F80},
    {0x4F81,0x4F81}, {0x4F82,0x4F82}, {0x4F83,0x4F83}, {0x4F84,0x4F84}, {0x4F85,0x4F85}, {0x4F86,0x6765}, {0x4F87,0x4F87}, {0x4F88,0x4F88},
    {0x4F89,0x4F89}, {0x4F8B,0x4F8B}, {0x4F8C,0x4F8C}, {0x4F8D,0x4F8D}, {0x4F8F,0x4F8F}, {0x4F90,0x4F90}, {0x4F91,0x4F91}, {0x4F94,0x4F94},
    {0x4F96,0x4ED1}, {0x4F97,0x4F97}, {0x4F98,0x4F98}, {0x4F9A,0x4F9A}, {0x4F9B,0x4F9B}, {0x4F9C,0x4F9C}, {0x4F9D,0x4F9D}, {0x4FA1,0x4FA1},
    {0x4FAE,0x4FAE}, {0x4FAF,0x4FAF}, {0x4FB5,0x4FB5}, {0x4FB6,0x4FA3}, {0x4FB7,0x5C40}, {0x4FBF,0x4FBF}, {0x4FC1,0x4FE3}, {0x4FC2,0x7CFB},
    {0x4FC3,0x4FC3}, {0x4FC4,0x4FC4}, {0x4FC5,0x4FC5}, {0x4FC9,0x4FC9}, {0x4FCA,0x4FCA}, {0x4FCE,0x4FCE}, {0x4FCF,0x4FCF}, {0x4FD0,0x4FD0},
    {0x4FD1,0x4FD1}, {0x4FD3,0x4FD3}, {0x4FD4,0x4FD4}, {0x4FD7,0x4FD7}, {0x4FD8,0x4FD8}, {0x4FDA,0x4FDA}, {0x4FDB,0x4FDB}, {0x4FDC,0x4FDC},
    {0x4FDD,0x4FDD}, {0x4FDE,0x4FDE}, {0x4FDF,0x4FDF}, {0x4FE0,0x4FA0}, {0x4FE1,0x4FE1}, {0x4FEE,0x4FEE}, {0x4FEF,0x4FEF}, {0x4FF1,0x4FF1},
    {0x4FF2,0x6548}, {0x4FF3,0x4FF3}, {0x4FF4,0x4FF4}, {0x4FF5,0x4FF5}, {0x4FF6,0x4FF6}, {0x4FF7,0x4FF7}, {0x4FF8,0x4FF8}, {0x4FFA,0x4FFA},
    {0x4FFB,0x5907}, {0x4FFE,0x4FFE}, {0x5000,0x4F25}, {0x5002,0x5002}, {0x5005,0x5005}, {0x5006,0x4FE9}, {0x5009,0x4ED3}, {0x500B,0x4E2A},
    {0x500C,0x500C}, {0x500D,0x500D}, {0x500F,0x500F}, {0x5011,0x4EEC}, {0x5012,0x5012}, {0x5013,0x5013}, {0x5014,0x5014}, {0x5016,0x5E78},
    {0x5018,0x5018}, {0x5019,0x5019}, {0x501A,0x501A}, {0x501C,0x501C}, {0x501D,0x501D}, {0x501F,0x501F}, {0x5021,0x5021}, {0x5022,0x5022},
    {0x5023,0x5023}, {0x5024,0x5024}, {0x5025,0x5025}, {0x5026,0x5026}, {0x5028,0x5028}, {0x5029,0x5029}, {0x502A,0x502A}, {0x502B,0x4F26},
    {0x502C,0x502C}, {0x502D,0x502D}, {0x502E,0x502E}, {0x5036,0x5036}, {0x5037,0x5037}, {0x5039,0x5039}, {0x503B,0x503B}, {0x503C,0x503C},
    {0x5041,0x5041}, {0x5043,0x5043}, {0x5047,0x5047}, {0x5048,0x5048}, {0x5049,0x4F1F}, {0x504C,0x504C}, {0x504E,0x504E}, {0x504F,0x504F},
    {0x5053,0x5053}, {0x5055,0x5055}, {0x505A,0x505A}, {0x505C,0x505C}, {0x505D,0x505D}, {0x505F,0x505F}, {0x5062,0x5062}, {0x5065,0x5065},
    {0x5068,0x5068}, {0x5069,0x5069}, {0x506A,0x903C}, {0x506B,0x506B}, {0x506D,0x506D}, {0x506F,0x506F}, {0x5070,0x5070}, {0x5071,0x5071},
    {0x5072,0x5072}, {0x5074,0x4FA7}, {0x5075,0x4FA6}, {0x5076,0x5076}, {0x5077,0x5077}, {0x5078,0x5078}, {0x507A,0x507A}, {0x507D,0x4F2A},
    {0x5080,0x5080}, {0x5085,0x5085}, {0x5088,0x5088}, {0x508C,0x9A82}, {0x508D,0x508D}, {0x508E,0x508E}, {0x5091,0x6770}, {0x5092,0x5092},
    {0x5094,0x5094}, {0x5095,0x5095}, {0x5096,0x4F27}, {0x5098,0x4F1E}, {0x5099,0x5907}, {0x509A,0x6548}, {0x509C,0x509C}, {0x509E,0x509E},
    {0x50A2,0x50A2}, {0x50A3,0x50A3}, {0x50AC,0x50AC}, {0x50AD,0x4F63}, {0x50AE,0x50AE}, {0x50AF,0x506C}, {0x50B2,0x50B2}, {0x50B3,0x4F20},
    {0x50B4,0x4F1B}, {0x50B5,0x503A}, {0x50B7,0x4F24}, {0x50BA,0x50BA}, {0x50BB,0x50BB}, {0x50BE,0x503E}, {0x50BF,0x50BF}, {0x50C2,0x507B},
    {0x50C4,0x50C4}, {0x50C5,0x4EC5}, {0x50C7,0x50C7}, {0x50C9,0x4F65}, {0x50CA,0x50CA}, {0x50CD,0x50CD}, {0x50CE,0x50CE}, {0x50CF,0x50CF},
    {0x50D1,0x4FA8}, {0x50D4,0x50D4}, {0x50D5,0x4EC6}, {0x50D6,0x50D6}, {0x50DA,0x50DA}, {0x50DD,0x50DD}, {0x50DE,0x4F2A}, {0x50E3,0x50E3},
    {0x50E4,0x50E4}, {0x50E5,0x4FA5}, {0x50E6,0x50E6}, {0x50E7,0x50E7}, {0x50E8,0x507E}, {0x50E9,0x50E9}, {0x50EC,0x50EC}, {0x50ED,0x50ED},
    {0x50EE,0x50EE}, {0x50EF,0x50EF}, {0x50F0,0x50F0}, {0x50F1,0x96C7}, {0x50F3,0x50F3}, {0x50F5,0x50F5}, {0x50F9,0x4EF7}, {0x50FB,0x50FB},
    {0x50FE,0x50FE}, {0x50FF,0x50FF}, {0x5100,0x4EEA}, {0x5101,0x5101}, {0x5102,0x4FAC}, {0x5103,0x5103}, {0x5104,0x4EBF}, {0x5105,0x5105},
    {0x5106,0x5106}, {0x5107,0x5107}, {0x5108,0x4FA9}, {0x5109,0x4FED}, {0x510A,0x510A}, {0x510B,0x510B}, {0x510C,0x510C}, {0x510D,0x510D},
    {0x5110,0x50A7}, {0x5112,0x5112}, {0x5113,0x5113}, {0x5114,0x4FE6}, {0x5115,0x4FAA}, {0x5117,0x62DF}, {0x5118,0x5C3D}, {0x511C,0x511C},
    {0x511E,0x511E}, {0x511F,0x507F}, {0x5121,0x5121}, {0x5124,0x5124}, {0x5126,0x5126}, {0x5129,0x5129}, {0x512A,0x4F18}, {0x512D,0x512D},
    {0x5131,0x5131}, {0x5132,0x50A8}, {0x5133,0x5133}, {0x5135,0x5135}, {0x5137,0x4FEA}, {0x5138,0x3469}, {0x5139,0x5139}, {0x513A,0x50A9},
    {0x513B,0x50A5}, {0x513C,0x4FE8}, {0x513D,0x513D}, {0x5140,0x5140}, {0x5141,0x5141}, {0x5143,0x5143}, {0x5144,0x5144}, {0x5145,0x5145},
    {0x5146,0x5146}, {0x5147,0x51F6}, {0x5148,0x5148}, {0x5149,0x5149}, {0x514B,0x514B}, {0x514C,0x5151}, {0x514D,0x514D}, {0x514E,0x514E},
    {0x5150,0x5150}, {0x5152,0x513F}, {0x5154,0x5154}, {0x5155,0x5155}, {0x5157,0x5156}, {0x5159,0x5159}, {0x515B,0x515B}, {0x515C,0x515C},
    {0x515D,0x515D}, {0x515E,0x515E}, {0x515F,0x515F}, {0x5161,0x5161}, {0x5162,0x5162}, {0x5163,0x5163}, {0x5165,0x5165}, {0x5167,0x5185},
    {0x5168,0x5168}, {0x5169,0x4E24}, {0x516A,0x516A}, {0x516B,0x516B}, {0x516C,0x516C}, {0x516D,0x516D}, {0x516E,0x516E}, {0x5171,0x5171},
    {0x5172,0x5172}, {0x5175,0x5175}, {0x5176,0x5176}, {0x5177,0x5177}, {0x5178,0x5178}, {0x517C,0x517C}, {0x5180,0x5180}, {0x5182,0x5182},
    {0x5183,0x5183}, {0x5186,0x5186}, {0x5187,0x5187}, {0x5189,0x5189}, {0x518A,0x518C}, {0x518D,0x518D}, {0x518F,0x518F}, {0x5191,0x5191},
    {0x5192,0x5192}, {0x5193,0x5193}, {0x5194,0x5194}, {0x5195,0x5195}, {0x5196,0x5196}, {0x5197,0x5197}, {0x5198,0x5198}, {0x519E,0x519E},
    {0x51A0,0x51A0}, {0x51A2,0x51A2}, {0x51A4,0x51A4}, {0x51A5,0x51A5}, {0x51AA,0x5E42}, {0x51AB,0x51AB}, {0x51AC,0x51AC}, {0x51B0,0x51B0},
    {0x51B1,0x51B1}, {0x51B6,0x51B6}, {0x51B7,0x51B7}, {0x51BC,0x51BC}, {0x51BD,0x51BD}, {0x51C3,0x51C3}, {0x51C4,0x51C4}, {0x51C5,0x51C5},
    {0x51C6,0x51C6}, {0x51C7,0x51C7}, {0x51C8,0x51C0}, {0x51CA,0x51CA}, {0x51CB,0x51CB}, {0x51CC,0x51CC}, {0x51CD,0x51BB}, {0x51D4,0x51D4},
    {0x51DC,0x51DB}, {0x51DD,0x51DD}, {0x51DE,0x51DE}, {0x51E0,0x51E0}, {0x51E1,0x51E1}, {0x51E2,0x51E2}, {0x51E6,0x51E6}, {0x51F0,0x51F0},
    {0x51F1,0x51EF}, {0x51F3,0x51F3}, {0x51F5,0x51F5}, {0x51F6,0x51F6}, {0x51F8,0x51F8}, {0x51F9,0x51F9}, {0x51FA,0x51FA}, {0x51FC,0x51FC},
    {0x51FD,0x51FD}, {0x5200,0x5200}, {0x5201,0x5201}, {0x5202,0x5202}, {0x5203,0x5203}, {0x5206,0x5206}, {0x5207,0x5207}, {0x5208,0x5208},
    {0x520A,0x520A}, {0x520E,0x520E}, {0x5211,0x5211}, {0x5212,0x5212}, {0x5213,0x5213}, {0x5216,0x5216}, {0x5217,0x5217}, {0x521C,0x521C},
    {0x521D,0x521D}, {0x5221,0x5221}, {0x5224,0x5224}, {0x5225,0x522B}, {0x5226,0x52AB}, {0x5227,0x52AB}, {0x5228,0x5228}, {0x5229,0x5229},
    {0x522A,0x5220}, {0x522E,0x522E}, {0x5230,0x5230}, {0x5231,0x5231}, {0x5232,0x5232}, {0x5233,0x5233}, {0x5234,0x5234}, {0x5235,0x5235},
    {0x5236,0x5236}, {0x5237,0x5237}, {0x5238,0x5238}, {0x523A,0x523A}, {0x523B,0x523B}, {0x523C,0x52AB}, {0x5241,0x5241}, {0x5243,0x5243},
    {0x5244,0x522D}, {0x5247,0x5219}, {0x5249,0x9509}, {0x524A,0x524A}, {0x524B,0x514B}, {0x524C,0x524C}, {0x524D,0x524D}, {0x524E,0x5239},
    {0x5252,0x5252}, {0x5254,0x5254}, {0x5255,0x5255}, {0x5256,0x5256}, {0x525A,0x525A}, {0x525B,0x521A}, {0x525C,0x525C}, {0x525D,0x5265},
    {0x525E,0x525E}, {0x525F,0x525F}, {0x5261,0x5261}, {0x5263,0x5263}, {0x5264,0x5264}, {0x5269,0x5269}, {0x526A,0x526A}, {0x526E,0x5250},
    {0x526F,0x526F}, {0x5270,0x5270}, {0x5272,0x5272}, {0x5274,0x5240}, {0x5275,0x521B}, {0x5277,0x94F2}, {0x5278,0x5278}, {0x527A,0x527A},
    {0x527D,0x527D}, {0x527F,0x527F}, {0x5281,0x5281}, {0x5282,0x5282}, {0x5283,0x5212}, {0x5284,0x672D}, {0x5287,0x5267}, {0x5288,0x5288},
    {0x5289,0x5218}, {0x528A,0x523D}, {0x528C,0x523F}, {0x528D,0x5251}, {0x5291,0x5242}, {0x5292,0x5292}, {0x5293,0x5293}, {0x5296,0x5296},
    {0x5298,0x5298}, {0x5299,0x5299}, {0x529B,0x529B}, {0x529F,0x529F}, {0x52A0,0x52A0}, {0x52A3,0x52A3}, {0x52A6,0x52A6}, {0x52A9,0x52A9},
    {0x52AA,0x52AA}, {0x52AB,0x52AB}, {0x52AC,0x52AC}, {0x52AD,0x52AD}, {0x52B4,0x52B4}, {0x52B5,0x52B5}, {0x52B9,0x6548}, {0x52BB,0x52BB},
    {0x52BC,0x52BC}, {0x52BE,0x52BE}, {0x52C1,0x52B2}, {0x52C3,0x52C3}, {0x52C5,0x52C5}, {0x52C7,0x52C7}, {0x52C9,0x52C9}, {0x52CD,0x52CD},
    {0x52D0,0x52D0}, {0x52D2,0x52D2}, {0x52D5,0x52A8}, {0x52D6,0x52D6}, {0x52D7,0x52D7}, {0x52D8,0x52D8}, {0x52D9,0x52A1}, {0x52DB,0x52CB},
    {0x52DD,0x80DC}, {0x52DE,0x52B3}, {0x52DF,0x52DF}, {0x52E2,0x52BF}, {0x52E3,0x7EE9}, {0x52E4,0x52E4}, {0x52E6,0x527F}, {0x52E7,0x52E7},
    {0x52E9,0x52E9}, {0x52EF,0x52EF}, {0x52F0,0x52F0}, {0x52F1,0x52A2}, {0x52F2,0x52CB}, {0x52F3,0x52CB}, {0x52F5,0x52B1}, {0x52F7,0x52F7},
    {0x52F8,0x529D}, {0x52F9,0x52F9}, {0x52FA,0x52FA}, {0x52FB,0x5300}, {0x52FE,0x52FE}, {0x52FF,0x52FF}, {0x5301,0x5301}, {0x5305,0x5305},
    {0x5306,0x5306}, {0x5308,0x5308}, {0x5309,0x5309}, {0x530A,0x530A}, {0x530B,0x530B}, {0x530D,0x530D}, {0x530F,0x530F}, {0x5310,0x5310},
    {0x5315,0x5315}, {0x5316,0x5316}, {0x5317,0x5317}, {0x5319,0x5319}, {0x531A,0x531A}, {0x531C,0x531C}, {0x531D,0x531D}, {0x531F,0x531F},
    {0x5320,0x5320}, {0x5321,0x5321}, {0x5323,0x5323}, {0x532A,0x532A}, {0x532D,0x5326}, {0x532F,0x6C47}, {0x5331,0x532E}, {0x5338,0x5338},
    {0x5339,0x5339}, {0x533D,0x533D}, {0x533E,0x533E}, {0x533F,0x533F}, {0x5340,0x533A}, {0x5341,0x5341}, {0x5342,0x5342}, {0x5343,0x5343},
    {0x5344,0x5344}, {0x5345,0x5345}, {0x5346,0x5346}, {0x5347,0x5347}, {0x5348,0x5348}, {0x5349,0x5349}, {0x534A,0x534A}, {0x534B,0x534B},
    {0x534C,0x534C}, {0x534D,0x534D}, {0x5350,0x5350}, {0x5351,0x5351}, {0x5352,0x5352}, {0x5353,0x5353}, {0x5354,0x534F}, {0x5357,0x5357},
    {0x5358,0x5358}, {0x535A,0x535A}, {0x535B,0x535B}, {0x535C,0x535C}, {0x535D,0x535D}, {0x535E,0x535E}, {0x535F,0x535F}, {0x5360,0x5360},
    {0x5361,0x5361}, {0x5363,0x5363}, {0x5366,0x5366}, {0x5368,0x5368}, {0x536A,0x536A}, {0x536C,0x536C}, {0x536E,0x536E}, {0x536F,0x536F},
    {0x5370,0x5370}, {0x5371,0x5371}, {0x5372,0x5372}, {0x5373,0x5373}, {0x5375,0x5375}, {0x5377,0x5377}, {0x5378,0x5378}, {0x5379,0x6064},
    {0x537B,0x5374}, {0x537C,0x537C}, {0x537D,0x537D}, {0x537F,0x537F}, {0x5382,0x5382}, {0x5384,0x5384}, {0x538E,0x538E}, {0x5393,0x5393},
    {0x5394,0x5394}, {0x5396,0x5396}, {0x5397,0x5397}, {0x5398,0x5398}, {0x5399,0x538D}, {0x539A,0x539A}, {0x539C,0x539C}, {0x539D,0x539D},
    {0x539F,0x539F}, {0x53A0,0x5395}, {0x53A4,0x53A4}, {0x53A5,0x53A5}, {0x53AA,0x53AA}, {0x53AD,0x538C}, {0x53AE,0x53AE}, {0x53B0,0x53B0},
    {0x53B2,0x5389}, {0x53B3,0x53B3}, {0x53B4,0x53A3}, {0x53B9,0x53B9}, {0x53BA,0x53BA}, {0x53BB,0x53BB}, {0x53BC,0x53BC}, {0x53BE,0x53BE},
    {0x53C1,0x53C1}, {0x53C3,0x53C2}, {0x53C4,0x53C4}, {0x53C8,0x53C8}, {0x53C9,0x53C9}, {0x53CA,0x53CA}, {0x53CB,0x53CB}, {0x53CD,0x53CD},
    {0x53CE,0x53CE}, {0x53D4,0x53D4}, {0x53D6,0x53D6}, {0x53D7,0x53D7}, {0x53DA,0x53DA}, {0x53DB,0x53DB}, {0x53DF,0x53DF}, {0x53E1,0x53E1},
    {0x53E2,0x4E1B}, {0x53E3,0x53E3}, {0x53E4,0x53E4}, {0x53E5,0x53E5}, {0x53E6,0x53E6}, {0x53E8,0x53E8}, {0x53E9,0x53E9}, {0x53EA,0x53EA},
    {0x53EB,0x53EB}, {0x53EC,0x53EC}, {0x53ED,0x53ED}, {0x53EE,0x53EE}, {0x53EF,0x53EF}, {0x53F0,0x53F0}, {0x53F1,0x53F1}, {0x53F2,0x53F2},
    {0x53F3,0x53F3}, {0x53F5,0x53F5}, {0x53F6,0x53F6}, {0x53F8,0x53F8}, {0x53FB,0x53FB}, {0x53FC,0x53FC}, {0x5401,0x5401}, {0x5403,0x5403},
    {0x5404,0x5404}, {0x5405,0x5405}, {0x5406,0x5406}, {0x5408,0x5408}, {0x5409,0x5409}, {0x540A,0x540A}, {0x540B,0x540B}, {0x540C,0x540C},
    {0x540D,0x540D}, {0x540E,0x540E}, {0x540F,0x540F}, {0x5410,0x5410}, {0x5411,0x5411}, {0x5412,0x5412}, {0x5414,0x5414}, {0x5416,0x5416},
    {0x541B,0x541B}, {0x541C,0x541C}, {0x541D,0x541D}, {0x541E,0x541E}, {0x541F,0x541F}, {0x5420,0x5420}, {0x5421,0x5421}, {0x5426,0x5426},
    {0x5427,0x5427}, {0x5429,0x5429}, {0x542A,0x542A}, {0x542B,0x542B}, {0x542D,0x542D}, {0x542E,0x542E}, {0x5430,0x5430}, {0x5431,0x5431},
    {0x5432,0x5432}, {0x5433,0x5434}, {0x5435,0x5435}, {0x5436,0x5450}, {0x5438,0x5438}, {0x5439,0x5439}, {0x543B,0x543B}, {0x543C,0x543C},
    {0x543D,0x543D}, {0x543E,0x543E}, {0x5440,0x5440}, {0x5442,0x5415}, {0x5443,0x5443}, {0x5446,0x5446}, {0x5447,0x5447}, {0x5448,0x5448},
    {0x5449,0x5449}, {0x544A,0x544A}, {0x544B,0x544B}, {0x544E,0x544E}, {0x544F,0x544F}, {0x5454,0x5454}, {0x5460,0x5460}, {0x5461,0x5461},
    {0x5462,0x5462}, {0x5463,0x5463}, {0x5464,0x5464}, {0x5466,0x5466}, {0x5467,0x5467}, {0x5468,0x5468}, {0x546A,0x546A}, {0x546B,0x546B},
    {0x546C,0x546C}, {0x546F,0x546F}, {0x5470,0x5470}, {0x5471,0x5471}, {0x5472,0x5472}, {0x5473,0x5473}, {0x5474,0x5474}, {0x5475,0x5475},
    {0x5476,0x5476}, {0x5477,0x5477}, {0x5478,0x5478}, {0x547A,0x547A}, {0x547B,0x547B}, {0x547C,0x547C}, {0x547D,0x547D}, {0x547F,0x547F},
    {0x5480,0x5480}, {0x5481,0x5481}, {0x5482,0x5482}, {0x5484,0x5484}, {0x5486,0x5486}, {0x5487,0x5487}, {0x5488,0x5488}, {0x548B,0x548B},
    {0x548C,0x548C}, {0x548D,0x548D}, {0x548E,0x548E}, {0x5490,0x5490}, {0x5491,0x5491}, {0x5492,0x5492}, {0x5494,0x5494}, {0x5495,0x5495},
    {0x5496,0x5496}, {0x5497,0x5497}, {0x549A,0x549A}, {0x54A0,0x54A0}, {0x54A1,0x54A1}, {0x54A2,0x54A2}, {0x54A3,0x54A3}, {0x54A4,0x54A4},
    {0x54A5,0x54A5}, {0x54A6,0x54A6}, {0x54A7,0x54A7}, {0x54A8,0x54A8}, {0x54A9,0x54A9}, {0x54AA,0x54AA}, {0x54AB,0x54AB}, {0x54AC,0x54AC},
    {0x54AD,0x54AD}, {0x54AE,0x54AE}, {0x54AF,0x54AF}, {0x54B1,0x54B1}, {0x54B2,0x54B2}, {0x54B3,0x54B3}, {0x54B4,0x54B4}, {0x54B7,0x5555},
    {0x54B8,0x54B8}, {0x54B9,0x54B9}, {0x54BA,0x54BA}, {0x54BB,0x54BB}, {0x54BC,0x5459}, {0x54BD,0x54BD}, {0x54BE,0x54BE}, {0x54BF,0x54BF},
    {0x54C0,0x54C0}, {0x54C1,0x54C1}, {0x54C2,0x54C2}, {0x54C4,0x54C4}, {0x54C6,0x54C6}, {0x54C7,0x54C7}, {0x54C8,0x54C8}, {0x54C9,0x54C9},
    {0x54CB,0x54CB}, {0x54CC,0x54CC}, {0x54CE,0x54CE}, {0x54CF,0x54CF}, {0x54D0,0x54D0}, {0x54DA,0x54DA}, {0x54DE,0x54DE}, {0x54E1,0x5458},
    {0x54E2,0x54E2}, {0x54E4,0x54E4}, {0x54E5,0x54E5}, {0x54E6,0x54E6}, {0x54E7,0x54E7}, {0x54E8,0x54E8}, {0x54E9,0x54E9}, {0x54EA,0x54EA},
    {0x54EB,0x54EB}, {0x54ED,0x54ED}, {0x54EE,0x54EE}, {0x54F0,0x54F0}, {0x54F1,0x54F1}, {0x54F2,0x54F2}, {0x54F3,0x54F3}, {0x54F6,0x54A9},
    {0x54FA,0x54FA}, {0x54FC,0x54FC}, {0x54FD,0x54FD}, {0x54FF,0x54FF}, {0x5501,0x5501}, {0x5504,0x5457}, {0x5505,0x5505}, {0x5506,0x5506},
    {0x5507,0x5507}, {0x5508,0x5508}, {0x5509,0x5509}, {0x550E,0x550E}, {0x550F,0x550F}, {0x5510,0x5510}, {0x5511,0x5511}, {0x5514,0x5514},
    {0x5515,0x5515}, {0x551A,0x5423}, {0x551E,0x551E}, {0x5523,0x5523}, {0x5527,0x5527}, {0x552A,0x552A}, {0x552C,0x552C}, {0x552E,0x552E},
    {0x552F,0x552F}, {0x5530,0x5530}, {0x5531,0x5531}, {0x5532,0x5532}, {0x5533,0x5533}, {0x5535,0x5535}, {0x5536,0x5536}, {0x5537,0x5537},
    {0x5538,0x5538}, {0x5539,0x5539}, {0x553B,0x553B}, {0x553C,0x553C}, {0x553E,0x553E}, {0x553F,0x553F}, {0x5541,0x5541}, {0x5543,0x5543},
    {0x5544,0x5544}, {0x5545,0x5545}, {0x5546,0x5546}, {0x5549,0x5549}, {0x554A,0x554A}, {0x554D,0x554D}, {0x554E,0x554E}, {0x554F,0x95EE},
    {0x5550,0x5550}, {0x5553,0x5553}, {0x5555,0x5555}, {0x5556,0x5556}, {0x5557,0x5557}, {0x555C,0x555C}, {0x555E,0x54D1}, {0x555F,0x542F},
    {0x5561,0x5561}, {0x5562,0x5562}, {0x5563,0x8854}, {0x5564,0x5564}, {0x5565,0x5565}, {0x5566,0x5566}, {0x556A,0x556A}, {0x556B,0x556B},
    {0x5571,0x5571}, {0x5572,0x5572}, {0x5575,0x5575}, {0x5576,0x5576}, {0x5577,0x5577}, {0x557A,0x557A}, {0x557B,0x557B}, {0x557C,0x557C},
    {0x557D,0x557D}, {0x557E,0x557E}, {0x5580,0x5580}, {0x5581,0x5581}, {0x5582,0x5582}, {0x5583,0x5583}, {0x5584,0x5584}, {0x5586,0x5586},
    {0x5587,0x5587}, {0x5588,0x5588}, {0x5589,0x5589}, {0x558A,0x558A}, {0x558B,0x558B}, {0x558C,0x558C}, {0x558E,0x558E}, {0x558F,0x558F},
    {0x5591,0x5591}, {0x5592,0x5592}, {0x5593,0x5593}, {0x5594,0x5594}, {0x5598,0x5598}, {0x5599,0x5599}, {0x559A,0x5524}, {0x559C,0x559C},
    {0x559D,0x559D}, {0x559F,0x559F}, {0x55A3,0x55A3}, {0x55A4,0x55A4}, {0x55A5,0x55A5}, {0x55A6,0x55A6}, {0x55A7,0x55A7}, {0x55A8,0x55A8},
    {0x55A9,0x55A9}, {0x55AA,0x4E27}, {0x55AB,0x5403}, {0x55AC,0x4E54}, {0x55AD,0x55AD}, {0x55AE,0x5355}, {0x55B1,0x55B1}, {0x55B2,0x54DF},
    {0x55B3,0x55B3}, {0x55B5,0x55B5}, {0x55B6,0x55B6}, {0x55B9,0x55B9}, {0x55BA,0x55BA}, {0x55BB,0x55BB}, {0x55BC,0x55BC}, {0x55BF,0x55BF},
    {0x55C0,0x55C0}, {0x55C3,0x55C3}, {0x55C4,0x55C4}, {0x55C5,0x55C5}, {0x55C6,0x545B}, {0x55C7,0x556C}, {0x55C8,0x55C8}, {0x55C9,0x55C9},
    {0x55CA,0x55CA}, {0x55CD,0x55CD}, {0x55CE,0x5417}, {0x55D0,0x55D0}, {0x55D1,0x55D1}, {0x55D2,0x55D2}, {0x55D3,0x55D3}, {0x55D4,0x55D4},
    {0x55D5,0x55D5}, {0x55D6,0x55D6}, {0x55D9,0x55D9}, {0x55DA,0x545C}, {0x55DB,0x55DB}, {0x55DC,0x55DC}, {0x55DD,0x55DD}, {0x55DF,0x55DF},
    {0x55E1,0x55E1}, {0x55E3,0x55E3}, {0x55E4,0x55E4}, {0x55E5,0x55E5}, {0x55E6,0x55E6}, {0x55E8,0x55E8}, {0x55E9,0x5522}, {0x55EA,0x55EA},
    {0x55EC,0x55EC}, {0x55EF,0x55EF}, {0x55F0,0x55F0}, {0x55F2,0x55F2}, {0x55F5,0x55F5}, {0x55F6,0x54D4}, {0x55F7,0x55F7}, {0x55F9,0x55F9},
    {0x55FD,0x55FD}, {0x55FE,0x55FE}, {0x55FF,0x55FF}, {0x5600,0x5600}, {0x5601,0x5601}, {0x5602,0x5602}, {0x5605,0x5605}, {0x5606,0x53F9},
    {0x5608,0x5608}, {0x5609,0x5609}, {0x560A,0x5540}, {0x560C,0x560C}, {0x560D,0x55BD}, {0x560E,0x560E}, {0x560F,0x560F}, {0x5610,0x5610},
    {0x5612,0x5612}, {0x5613,0x556F}, {0x5614,0x5455}, {0x5616,0x5567}, {0x5617,0x5C1D}, {0x561A,0x561A}, {0x561B,0x561B}, {0x561C,0x551B},
    {0x561E,0x561E}, {0x561F,0x561F}, {0x5622,0x5622}, {0x5623,0x5623}, {0x5625,0x5625}, {0x5626,0x5626}, {0x5627,0x5627}, {0x5629,0x54D7},
    {0x562C,0x562C}, {0x562D,0x562D}, {0x562E,0x5520}, {0x562F,0x5578}, {0x5630,0x53FD}, {0x5632,0x5632}, {0x5634,0x5634}, {0x5635,0x54D3},
    {0x5636,0x5636}, {0x5637,0x55E5}, {0x5638,0x5452}, {0x5639,0x5639}, {0x563B,0x563B}, {0x563D,0x5574}, {0x563F,0x563F}, {0x5640,0x5640},
    {0x5641,0x6076}, {0x5642,0x5642}, {0x5645,0x5645}, {0x5647,0x5647}, {0x5649,0x5649}, {0x564C,0x564C}, {0x564D,0x564D}, {0x564E,0x564E},
    {0x564F,0x564F}, {0x5653,0x5618}, {0x5654,0x5654}, {0x5657,0x5657}, {0x5658,0x5658}, {0x5659,0x5659}, {0x565A,0x565A}, {0x565D,0x549D},
    {0x565E,0x565E}, {0x5660,0x54D2}, {0x5662,0x5662}, {0x5664,0x5664}, {0x5665,0x54DD}, {0x5666,0x54D5}, {0x5668,0x5668}, {0x5669,0x5669},
    {0x566A,0x566A}, {0x566B,0x566B}, {0x566C,0x566C}, {0x566D,0x566D}, {0x566F,0x55F3}, {0x5671,0x5671}, {0x5672,0x54D9}, {0x5673,0x5673},
    {0x5674,0x55B7}, {0x5676,0x5676}, {0x5677,0x5677}, {0x5678,0x5428}, {0x5679,0x5F53}, {0x567B,0x567B}, {0x567C,0x567C}, {0x5680,0x549B},
    {0x5683,0x5683}, {0x5684,0x5684}, {0x5685,0x5685}, {0x5686,0x5686}, {0x5687,0x5413}, {0x568C,0x54DC}, {0x568E,0x568E}, {0x568F,0x568F},
    {0x5690,0x5C1D}, {0x5693,0x5693}, {0x5694,0x5694}, {0x5695,0x565C}, {0x5699,0x556E}, {0x569A,0x569A}, {0x569C,0x569C}, {0x569E,0x569E},
    {0x569F,0x569F}, {0x56A5,0x54BD}, {0x56A6,0x5456}, {0x56A8,0x5499}, {0x56AC,0x56AC}, {0x56AD,0x56AD}, {0x56AE,0x56AE}, {0x56AF,0x56AF},
    {0x56B2,0x4EB8}, {0x56B3,0x55BE}, {0x56B4,0x4E25}, {0x56B5,0x56B5}, {0x56B6,0x5624}, {0x56B7,0x56B7}, {0x56BC,0x56BC}, {0x56C0,0x556D},
    {0x56C1,0x55EB}, {0x56C2,0x56A3}, {0x56C5,0x5181}, {0x56C8,0x5453}, {0x56C9,0x5570}, {0x56CA,0x56CA}, {0x56CC,0x82CF}, {0x56CD,0x56CD},
    {0x56D1,0x5631}, {0x56D2,0x56D2}, {0x56D3,0x56D3}, {0x56D4,0x56D4}, {0x56D7,0x56D7}, {0x56D8,0x56D8}, {0x56DA,0x56DA}, {0x56DB,0x56DB},
    {0x56DD,0x56DD}, {0x56DE,0x56DE}, {0x56DF,0x56DF}, {0x56E0,0x56E0}, {0x56E1,0x56E1}, {0x56E3,0x56E3}, {0x56E4,0x56E4}, {0x56E5,0x56E5},
    {0x56E7,0x56E7}, {0x56E8,0x56E8}, {0x56EA,0x56F1}, {0x56EB,0x56EB}, {0x56EC,0x56EC}, {0x56EE,0x56EE}, {0x56EF,0x56EF}, {0x56F0,0x56F0},
    {0x56F2,0x56F2}, {0x56F3,0x56F3}, {0x56F6,0x56F6}, {0x56F7,0x56F7}, {0x56F8,0x56F8}, {0x56F9,0x56F9}, {0x56FA,0x56FA}, {0x56FB,0x56FB},
    {0x56FF,0x56FF}, {0x5700,0x5700}, {0x5702,0x5702}, {0x5703,0x5703}, {0x5704,0x5704}, {0x5707,0x56F5}, {0x5708,0x5708}, {0x5709,0x5709},
    {0x570A,0x570A}, {0x570B,0x56FD}, {0x570C,0x570C}, {0x570D,0x56F4}, {0x570F,0x570F}, {0x5712,0x56ED}, {0x5713,0x5706}, {0x5715,0x5715},
    {0x5716,0x56FE}, {0x5718,0x56E2}, {0x571B,0x571B}, {0x571C,0x571C}, {0x571E,0x571E}, {0x571F,0x571F}, {0x5727,0x5727}, {0x5728,0x5728},
    {0x5729,0x5729}, {0x572A,0x572A}, {0x572C,0x572C}, {0x572D,0x572D}, {0x572E,0x572E}, {0x572F,0x572F}, {0x5730,0x5730}, {0x5733,0x5733},
    {0x5734,0x5734}, {0x573B,0x573B}, {0x573E,0x573E}, {0x5740,0x5740}, {0x5742,0x5742}, {0x5746,0x5746}, {0x5747,0x5747}, {0x574A,0x574A},
    {0x574B,0x574B}, {0x574C,0x574C}, {0x574D,0x574D}, {0x574E,0x574E}, {0x5750,0x5750}, {0x5751,0x5751}, {0x5752,0x5752}, {0x5753,0x5753},
    {0x5761,0x5761}, {0x5764,0x5764}, {0x5766,0x5766}, {0x5768,0x5768}, {0x5769,0x5769}, {0x576A,0x576A}, {0x576B,0x576B}, {0x576D,0x576D},
    {0x576F,0x576F}, {0x5770,0x5770}, {0x5771,0x5771}, {0x5773,0x5773}, {0x5774,0x5774}, {0x5775,0x5775}, {0x5777,0x5777}, {0x577B,0x577B},
    {0x577C,0x577C}, {0x5782,0x5782}, {0x5783,0x5783}, {0x5788,0x5788}, {0x578B,0x578B}, {0x578C,0x578C}, {0x578D,0x578D}, {0x5793,0x5793},
    {0x5794,0x5794}, {0x5795,0x5795}, {0x5797,0x5797}, {0x579A,0x579A}, {0x579B,0x579B}, {0x579D,0x579D}, {0x579E,0x579E}, {0x579F,0x579F},
    {0x57A0,0x57A0}, {0x57A2,0x57A2}, {0x57A3,0x57A3}, {0x57A4,0x57A4}, {0x57A7,0x57A7}, {0x57AE,0x57AE}, {0x57AF,0x57AF}, {0x57B5,0x57B5},
    {0x57BA,0x57BA}, {0x57BE,0x57BE}, {0x57BF,0x57BF}, {0x57C0,0x57C0}, {0x57C2,0x57C2}, {0x57C3,0x57C3}, {0x57C4,0x57C4}, {0x57C6,0x57C6},
    {0x57C7,0x57C7}, {0x57C8,0x57C8}, {0x57CB,0x57CB}, {0x57CC,0x57CC}, {0x57CE,0x57CE}, {0x57CF,0x57CF}, {0x57D2,0x57D2}, {0x57D4,0x57D4},
    {0x57D5,0x57D5}, {0x57D7,0x57D7}, {0x57DC,0x57DC}, {0x57DF,0x57DF}, {0x57E0,0x57E0}, {0x57E1,0x57AD}, {0x57E4,0x57E4}, {0x57E6,0x57E6},
    {0x57E7,0x57E7}, {0x57ED,0x57ED}, {0x57EF,0x57EF}, {0x57F0,0x57F0}, {0x57F2,0x57F2}, {0x57F3,0x57F3}, {0x57F4,0x57F4}, {0x57F5,0x57F5},
    {0x57F6,0x57F6}, {0x57F7,0x6267}, {0x57F8,0x57F8}, {0x57F9,0x57F9}, {0x57FA,0x57FA}, {0x57FC,0x57FC}, {0x57FD,0x57FD}, {0x5800,0x5800},
    {0x5802,0x5802}, {0x5803,0x5803}, {0x5804,0x5804}, {0x5805,0x575A}, {0x5806,0x5806}, {0x5807,0x5807}, {0x5808,0x5808}, {0x5809,0x5809},
    {0x580A,0x57A9}, {0x580B,0x580B}, {0x580C,0x580C}, {0x580D,0x580D}, {0x580E,0x580E}, {0x5816,0x57B4}, {0x5819,0x5819}, {0x581D,0x57DA},
    {0x581E,0x581E}, {0x5820,0x5820}, {0x5821,0x5821}, {0x5824,0x5824}, {0x5827,0x5827}, {0x5828,0x5828}, {0x582A,0x582A}, {0x582D,0x582D},
    {0x582E,0x582E}, {0x582F,0x5C27}, {0x5830,0x5830}, {0x5831,0x62A5}, {0x5832,0x5832}, {0x5833,0x5833}, {0x5834,0x573A}, {0x5835,0x5835},
    {0x583D,0x583D}, {0x583F,0x583F}, {0x5841,0x5841}, {0x5844,0x5844}, {0x5848,0x5848}, {0x584A,0x5757}, {0x584B,0x8314}, {0x584C,0x584C},
    {0x584D,0x584D}, {0x584F,0x57B2}, {0x5851,0x5851}, {0x5852,0x57D8}, {0x5853,0x5853}, {0x5854,0x5854}, {0x5855,0x5855}, {0x5857,0x6D82},
    {0x5858,0x5858}, {0x5859,0x5859}, {0x585A,0x51A2}, {0x585D,0x585D}, {0x585E,0x585E}, {0x5861,0x5861}, {0x5862,0x575E}, {0x5864,0x57D9},
    {0x5865,0x5865}, {0x5869,0x5869}, {0x586B,0x586B}, {0x586C,0x586C}, {0x5871,0x5871}, {0x5872,0x573A}, {0x5875,0x5C18}, {0x5879,0x5811},
    {0x587C,0x587C}, {0x587D,0x587D}, {0x587E,0x587E}, {0x587F,0x587F}, {0x5880,0x5880}, {0x5881,0x5881}, {0x5883,0x5883}, {0x5885,0x5885},
    {0x5888,0x5888}, {0x5889,0x5889}, {0x588A,0x57AB}, {0x5890,0x5890}, {0x5892,0x5892}, {0x5893,0x5893}, {0x5897,0x5897}, {0x589C,0x5760},
    {0x589D,0x589D}, {0x589E,0x589E}, {0x589F,0x589F}, {0x58A0,0x58A0}, {0x58A6,0x58A6}, {0x58A8,0x58A8}, {0x58A9,0x58A9}, {0x58AB,0x58AB},
    {0x58AC,0x58AC}, {0x58AE,0x5815}, {0x58B0,0x58B0}, {0x58B3,0x575F}, {0x58BA,0x58BA}, {0x58BB,0x5899}, {0x58BE,0x57A6}, {0x58C1,0x58C1},
    {0x58C5,0x58C5}, {0x58C6,0x58C6}, {0x58C7,0x575B}, {0x58C8,0x58C8}, {0x58CA,0x58CA}, {0x58CC,0x58CC}, {0x58CE,0x58CE}, {0x58D1,0x58D1},
    {0x58D2,0x58D2}, {0x58D3,0x538B}, {0x58D4,0x58D4}, {0x58D5,0x58D5}, {0x58D6,0x58D6}, {0x58D8,0x5792}, {0x58D9,0x5739}, {0x58DA,0x5786},
    {0x58DC,0x58DC}, {0x58DD,0x58DD}, {0x58DE,0x574F}, {0x58DF,0x5784}, {0x58E0,0x5785}, {0x58E1,0x58E1}, {0x58E2,0x575C}, {0x58E4,0x58E4},
    {0x58E9,0x575D}, {0x58EB,0x58EB}, {0x58EC,0x58EC}, {0x58ED,0x58ED}, {0x58EF,0x58EE}, {0x58F1,0x58F1}, {0x58F2,0x58F2}, {0x58F4,0x58F4},
    {0x58F9,0x58F9}, {0x58FA,0x58F6}, {0x58FB,0x58FB}, {0x58FC,0x58F8}, {0x58FD,0x5BFF}, {0x58FF,0x58FF}, {0x5902,0x5902}, {0x5905,0x5905},
    {0x5906,0x5906}, {0x5909,0x5909}, {0x590A,0x590A}, {0x590C,0x590C}, {0x590F,0x590F}, {0x5913,0x5913}, {0x5914,0x5914}, {0x5915,0x5915},
    {0x5916,0x5916}, {0x5917,0x5917}, {0x5918,0x5918}, {0x5919,0x5919}, {0x591A,0x591A}, {0x591C,0x591C}, {0x5920,0x591F}, {0x5922,0x68A6},
    {0x5924,0x5924}, {0x5925,0x5925}, {0x5927,0x5927}, {0x5929,0x5929}, {0x592A,0x592A}, {0x592B,0x592B}, {0x592C,0x592C}, {0x592D,0x592D},
    {0x592E,0x592E}, {0x592F,0x592F}, {0x5931,0x5931}, {0x5936,0x5936}, {0x5937,0x5937}, {0x5938,0x5938}, {0x593C,0x593C}, {0x593E,0x5939},
    {0x5944,0x5944}, {0x5947,0x5947}, {0x5948,0x5948}, {0x5949,0x5949}, {0x594C,0x594C}, {0x594E,0x594E}, {0x594F,0x594F}, {0x5950,0x5942},
    {0x5951,0x5951}, {0x5953,0x5953}, {0x5954,0x5954}, {0x5955,0x5955}, {0x5957,0x5957}, {0x5958,0x5958}, {0x595A,0x595A}, {0x595C,0x595C},
    {0x5960,0x5960}, {0x5961,0x5961}, {0x5962,0x5962}, {0x5963,0x5963}, {0x5967,0x5965}, {0x5968,0x5968}, {0x5969,0x5941}, {0x596A,0x593A},
    {0x596B,0x596B}, {0x596C,0x596C}, {0x596D,0x596D}, {0x596E,0x594B}, {0x5970,0x5970}, {0x5973,0x5973}, {0x5974,0x5974}, {0x5976,0x5976},
    {0x5978,0x5978}, {0x5979,0x5979}, {0x597C,0x59F9}, {0x597D,0x597D}, {0x5981,0x5981}, {0x5982,0x5982}, {0x5983,0x5983}, {0x5984,0x5984},
    {0x598A,0x598A}, {0x598D,0x598D}, {0x5992,0x5992}, {0x5993,0x5993}, {0x5996,0x5996}, {0x5997,0x5997}, {0x5999,0x5999}, {0x599A,0x599A},
    {0x599D,0x5986}, {0x599E,0x599E}, {0x59A3,0x59A3}, {0x59A4,0x59A4}, {0x59A5,0x59A5}, {0x59A8,0x59A8}, {0x59AC,0x59AC}, {0x59AE,0x59AE},
    {0x59AF,0x59AF}, {0x59B2,0x59B2}, {0x59B3,0x59B3}, {0x59B5,0x59B5}, {0x59B9,0x59B9}, {0x59BA,0x59BA}, {0x59BB,0x59BB}, {0x59BE,0x59BE},
    {0x59C1,0x59C1}, {0x59C5,0x59C5}, {0x59C6,0x59C6}, {0x59C9,0x59C9}, {0x59CA,0x59CA}, {0x59CB,0x59CB}, {0x59CD,0x59D7}, {0x59D0,0x59D0},
    {0x59D1,0x59D1}, {0x59D2,0x59D2}, {0x59D3,0x59D3}, {0x59D4,0x59D4}, {0x59D8,0x59D8}, {0x59D9,0x59D9}, {0x59DA,0x59DA}, {0x59DC,0x59DC},
    {0x59DD,0x59DD}, {0x59DE,0x59DE}, {0x59E3,0x59E3}, {0x59E4,0x59E4}, {0x59E5,0x59E5}, {0x59E6,0x5978}, {0x59E7,0x59E7}, {0x59E8,0x59E8},
    {0x59EA,0x4F84}, {0x59EB,0x59EB}, {0x59EC,0x59EC}, {0x59EE,0x59EE}, {0x59F1,0x59F1}, {0x59F8,0x59F8}, {0x59FA,0x59FA}, {0x59FB,0x59FB},
    {0x59FD,0x59FD}, {0x59FF,0x59FF}, {0x5A00,0x5A00}, {0x5A01,0x5A01}, {0x5A03,0x5A03}, {0x5A09,0x5A09}, {0x5A0C,0x5A0C}, {0x5A11,0x5A11},
    {0x5A13,0x5A13}, {0x5A18,0x5A18}, {0x5A1B,0x5A31}, {0x5A1C,0x5A1C}, {0x5A1F,0x5A1F}, {0x5A20,0x5A20}, {0x5A23,0x5A23}, {0x5A25,0x5A25},
    {0x5A29,0x5A29}, {0x5A2D,0x5A2D}, {0x5A2F,0x5A2F}, {0x5A35,0x5A35}, {0x5A36,0x5A36}, {0x5A38,0x5A38}, {0x5A3C,0x5A3C}, {0x5A40,0x5A40},
    {0x5A41,0x5A04}, {0x5A46,0x5A46}, {0x5A49,0x5A49}, {0x5A4A,0x5A4A}, {0x5A50,0x5A50}, {0x5A55,0x5A55}, {0x5A5A,0x5A5A}, {0x5A5E,0x5A5E},
    {0x5A62,0x5A62}, {0x5A64,0x5A64}, {0x5A65,0x5A65}, {0x5A66,0x5987}, {0x5A67,0x5A67}, {0x5A6A,0x5A6A}, {0x5A6C,0x5A6C}, {0x5A6D,0x5A05},
    {0x5A77,0x5A77}, {0x5A79,0x5A79}, {0x5A7A,0x5A7A}, {0x5A7C,0x5A7C}, {0x5A7D,0x5A7D}, {0x5A7F,0x5A7F}, {0x5A81,0x5A81}, {0x5A84,0x5A84},
    {0x5A8A,0x5A8A}, {0x5A92,0x5A92}, {0x5A95,0x5A95}, {0x5A9A,0x5A9A}, {0x5A9B,0x5A9B}, {0x5A9E,0x5A9E}, {0x5A9F,0x5A9F}, {0x5AA0,0x5AA0},
    {0x5AA2,0x5AA2}, {0x5AA7,0x5A32}, {0x5AAC,0x5AAC}, {0x5AAE,0x5AAE}, {0x5AAF,0x59AB}, {0x5AB2,0x5AB2}, {0x5AB3,0x5AB3}, {0x5AB5,0x5AB5},
    {0x5AB8,0x5AB8}, {0x5ABA,0x5ABA}, {0x5ABB,0x5ABB}, {0x5ABC,0x5AAA}, {0x5ABD,0x5988}, {0x5ABE,0x5ABE}, {0x5ABF,0x5ABF}, {0x5AC1,0x5AC1},
    {0x5AC2,0x5AC2}, {0x5AC4,0x5AC4}, {0x5AC8,0x5AC8}, {0x5AC9,0x5AC9}, {0x5ACB,0x8885}, {0x5ACC,0x5ACC}, {0x5ACF,0x5ACF}, {0x5AD5,0x5AD5},
    {0x5AD6,0x5AD6}, {0x5AD7,0x59AA}, {0x5AD8,0x5AD8}, {0x5ADA,0x5ADA}, {0x5ADC,0x5ADC}, {0x5AE0,0x5AE0}, {0x5AE1,0x5AE1}, {0x5AE3,0x5AE3},
    {0x5AE6,0x5AE6}, {0x5AE9,0x5AE9}, {0x5AEA,0x5AEA}, {0x5AEB,0x5AEB}, {0x5AEC,0x5AEC}, {0x5AF0,0x5AF0}, {0x5AF5,0x59A9}, {0x5AFA,0x5AFA},
    {0x5AFB,0x5A34}, {0x5AFD,0x5AFD}, {0x5AFF,0x5AFF}, {0x5B00,0x59AB}, {0x5B03,0x5B03}, {0x5B05,0x5B05}, {0x5B08,0x5A06}, {0x5B09,0x5B09},
    {0x5B0B,0x5A75}, {0x5B0C,0x5A07}, {0x5B14,0x5B14}, {0x5B16,0x5B16}, {0x5B17,0x5B17}, {0x5B19,0x5AF1}, {0x5B1B,0x5B1B}, {0x5B1D,0x8885},
    {0x5B21,0x5AD2}, {0x5B22,0x5B22}, {0x5B24,0x5B37}, {0x5B26,0x5B26}, {0x5B2A,0x5AD4}, {0x5B2C,0x5B2C}, {0x5B2D,0x5B2D}, {0x5B30,0x5A74},
    {0x5B32,0x5B32}, {0x5B34,0x5B34}, {0x5B38,0x5A76}, {0x5B39,0x5B39}, {0x5B3E,0x5B3E}, {0x5B3F,0x5B3F}, {0x5B40,0x5B40}, {0x5B43,0x5A18},
    {0x5B45,0x5B45}, {0x5B4C,0x5A08}, {0x5B4F,0x5B4F}, {0x5B50,0x5B50}, {0x5B51,0x5B51}, {0x5B53,0x5B53}, {0x5B54,0x5B54}, {0x5B55,0x5B55},
    {0x5B56,0x5B56}, {0x5B57,0x5B57}, {0x5B58,0x5B58}, {0x5B5A,0x5B5A}, {0x5B5B,0x5B5B}, {0x5B5C,0x5B5C}, {0x5B5D,0x5B5D}, {0x5B5F,0x5B5F},
    {0x5B62,0x5B62}, {0x5B63,0x5B63}, {0x5B64,0x5B64}, {0x5B65,0x5B65}, {0x5B69,0x5B69}, {0x5B6B,0x5B59}, {0x5B6C,0x5B6C}, {0x5B6D,0x5B6D},
    {0x5B70,0x5B70}, {0x5B71,0x5B71}, {0x5B73,0x5B73}, {0x5B75,0x5B75}, {0x5B78,0x5B66}, {0x5B7A,0x5B7A}, {0x5B7B,0x5B7B}, {0x5B7D,0x5B7D},
    {0x5B7F,0x5B6A}, {0x5B80,0x5B80}, {0x5B81,0x5B81}, {0x5B82,0x5197}, {0x5B83,0x5B83}, {0x5B84,0x5B84}, {0x5B85,0x5B85}, {0x5B87,0x5B87},
    {0x5B88,0x5B88}, {0x5B89,0x5B89}, {0x5B8A,0x5B8A}, {0x5B8B,0x5B8B}, {0x5B8C,0x5B8C}, {0x5B8D,0x5B8D}, {0x5B8F,0x5B8F}, {0x5B93,0x5B93},
    {0x5B95,0x5B95}, {0x5B97,0x5B97}, {0x5B98,0x5B98}, {0x5B99,0x5B99}, {0x5B9A,0x5B9A}, {0x5B9B,0x5B9B}, {0x5B9C,0x5B9C}, {0x5B9F,0x5B9F},
    {0x5BA2,0x5BA2}, {0x5BA3,0x5BA3}, {0x5BA4,0x5BA4}, {0x5BA5,0x5BA5}, {0x5BA6,0x5BA6}, {0x5BA7,0x5BA7}, {0x5BA8,0x5BA8}, {0x5BAC,0x5BAC},
    {0x5BAE,0x5BAB}, {0x5BB0,0x5BB0}, {0x5BB3,0x5BB3}, {0x5BB4,0x5BB4}, {0x5BB5,0x5BB5}, {0x5BB6,0x5BB6}, {0x5BB8,0x5BB8}, {0x5BB9,0x5BB9},
    {0x5BBF,0x5BBF}, {0x5BC0,0x5BC0}, {0x5BC1,0x5BC1}, {0x5BC2,0x5BC2}, {0x5BC3,0x5BC3}, {0x5BC4,0x5BC4}, {0x5BC5,0x5BC5}, {0x5BC6,0x5BC6},
    {0x5BC7,0x5BC7}, {0x5BCC,0x5BCC}, {0x5BCE,0x5BCE}, {0x5BD0,0x5BD0}, {0x5BD2,0x5BD2}, {0x5BD3,0x5BD3}, {0x5BD4,0x5BD4}, {0x5BD6,0x5BD6},
    {0x5BD8,0x5BD8}, {0x5BD9,0x5BD9}, {0x5BDB,0x5BDB}, {0x5BDE,0x5BDE}, {0x5BDF,0x5BDF}, {0x5BE0,0x5BE0}, {0x5BE1,0x5BE1}, {0x5BE2,0x5BDD},
    {0x5BE4,0x5BE4}, {0x5BE5,0x5BE5}, {0x5BE6,0x5B9E}, {0x5BE7,0x5B81}, {0x5BE8,0x5BE8}, {0x5BE9,0x5BA1}, {0x5BEA,0x5BEA}, {0x5BEB,0x5199},
    {0x5BEC,0x5BBD}, {0x5BEE,0x5BEE}, {0x5BF0,0x5BF0}, {0x5BF3,0x5B9D}, {0x5BF5,0x5BA0}, {0x5BF6,0x5B9D}, {0x5BF8,0x5BF8}, {0x5BFA,0x5BFA},
    {0x5BFE,0x5BFE}, {0x5C01,0x5C01}, {0x5C02,0x5C02}, {0x5C03,0x5C03}, {0x5C04,0x5C04}, {0x5C05,0x5C05}, {0x5C07,0x5C06}, {0x5C08,0x4E13},
    {0x5C09,0x5C09}, {0x5C0A,0x5C0A}, {0x5C0B,0x5BFB}, {0x5C0C,0x5C0C}, {0x5C0D,0x5BF9}, {0x5C0E,0x5BFC}, {0x5C0F,0x5C0F}, {0x5C11,0x5C11},
    {0x5C12,0x5C14}, {0x5C13,0x5C13}, {0x5C15,0x5C15}, {0x5C16,0x5C16}, {0x5C17,0x5C17}, {0x5C19,0x5C19}, {0x5C1A,0x5C1A}, {0x5C1C,0x5C1C},
    {0x5C1F,0x5C1F}, {0x5C22,0x5C22}, {0x5C24,0x5C24}, {0x5C25,0x5C25}, {0x5C28,0x5C28}, {0x5C2A,0x5C2A}, {0x5C2C,0x5C2C}, {0x5C2D,0x5C2D},
    {0x5C30,0x5C30}, {0x5C31,0x5C31}, {0x5C32,0x5C32}, {0x5C36,0x5C36}, {0x5C37,0x5C34}, {0x5C38,0x5C38}, {0x5C39,0x5C39}, {0x5C3A,0x5C3A},
    {0x5C3B,0x5C3B}, {0x5C3C,0x5C3C}, {0x5C3E,0x5C3E}, {0x5C3F,0x5C3F}, {0x5C40,0x5C40}, {0x5C41,0x5C41}, {0x5C44,0x5C44}, {0x5C45,0x5C45},
    {0x5C46,0x5C4A}, {0x5C47,0x5C47}, {0x5C48,0x5C48}, {0x5C4B,0x5C4B}, {0x5C4C,0x5C4C}, {0x5C4D,0x5C38}, {0x5C4E,0x5C4E}, {0x5C4F,0x5C4F},
    {0x5C50,0x5C50}, {0x5C51,0x5C51}, {0x5C53,0x5C43}, {0x5C55,0x5C55}, {0x5C56,0x5C56}, {0x5C58,0x5C58}, {0x5C59,0x5C59}, {0x5C5B,0x5C5B},
    {0x5C5C,0x5C49}, {0x5C5D,0x5C5D}, {0x5C60,0x5C60}, {0x5C62,0x5C61}, {0x5C63,0x5C63}, {0x5C64,0x5C42}, {0x5C65,0x5C65}, {0x5C67,0x5C67},
    {0x5C68,0x5C66}, {0x5C69,0x5C69}, {0x5C6A,0x5C6A}, {0x5C6C,0x5C5E}, {0x5C6D,0x5C43}, {0x5C6E,0x5C6E}, {0x5C6F,0x5C6F}, {0x5C71,0x5C71},
    {0x5C74,0x5C74}, {0x5C79,0x5C79}, {0x5C7A,0x5C7A}, {0x5C7C,0x5C7C}, {0x5C80,0x5C80}, {0x5C8A,0x5C8A}, {0x5C8C,0x5C8C}, {0x5C8D,0x5C8D},
    {0x5C90,0x5C90}, {0x5C91,0x5C91}, {0x5C92,0x5C92}, {0x5C94,0x5C94}, {0x5C9D,0x5C9D}, {0x5CA1,0x5188}, {0x5CA2,0x5CA2}, {0x5CA3,0x5CA3},
    {0x5CA7,0x5CA7}, {0x5CA8,0x5CA8}, {0x5CA9,0x5CA9}, {0x5CAB,0x5CAB}, {0x5CAC,0x5CAC}, {0x5CB1,0x5CB1}, {0x5CB3,0x5CB3}, {0x5CB5,0x5CB5},
    {0x5CB7,0x5CB7}, {0x5CB8,0x5CB8}, {0x5CC1,0x5CC1}, {0x5CC7,0x5CC7}, {0x5CCB,0x5CCB}, {0x5CD2,0x5CD2}, {0x5CD3,0x5CD3}, {0x5CD9,0x5CD9},
    {0x5CDE,0x5CDE}, {0x5CE0,0x5CE0}, {0x5CE8,0x5CE8}, {0x5CE9,0x5CE8}, {0x5CEA,0x5CEA}, {0x5CED,0x5CED}, {0x5CEF,0x5CF0}, {0x5CF0,0x5CF0},
    {0x5CF1,0x5CF1}, {0x5CF4,0x5C98}, {0x5CF6,0x5C9B}, {0x5CF9,0x5CF9}, {0x5CFB,0x5CFB}, {0x5CFD,0x5CE1}, {0x5CFF,0x5CFF}, {0x5D00,0x5D00},
    {0x5D01,0x5D01}, {0x5D06,0x5D06}, {0x5D07,0x5D07}, {0x5D0B,0x5D0B}, {0x5D0C,0x5D0C}, {0x5D0D,0x5D03}, {0x5D0E,0x5D0E}, {0x5D10,0x6606},
    {0x5D11,0x6606}, {0x5D12,0x5D12}, {0x5D14,0x5D14}, {0x5D16,0x5D16}, {0x5D17,0x5C97}, {0x5D19,0x4ED1}, {0x5D1A,0x5D1A}, {0x5D1B,0x5D1B},
    {0x5D1E,0x5D1E}, {0x5D1F,0x5D1F}, {0x5D20,0x5D20}, {0x5D22,0x5CE5}, {0x5D24,0x5D24}, {0x5D26,0x5D26}, {0x5D27,0x5D27}, {0x5D29,0x5D29},
    {0x5D2C,0x5CBD}, {0x5D2E,0x5D2E}, {0x5D31,0x5D31}, {0x5D33,0x5D33}, {0x5D34,0x5D34}, {0x5D36,0x5D36}, {0x5D3D,0x5D3D}, {0x5D3F,0x5D3F},
    {0x5D42,0x5D42}, {0x5D47,0x5D47}, {0x5D4A,0x5D4A}, {0x5D4B,0x5D4B}, {0x5D4C,0x5D4C}, {0x5D4E,0x5D4E}, {0x5D50,0x5C9A}, {0x5D52,0x5D52},
    {0x5D53,0x5D53}, {0x5D57,0x5C81}, {0x5D59,0x5D59}, {0x5D5B,0x5D5B}, {0x5D5E,0x5D5E}, {0x5D61,0x5D61}, {0x5D69,0x5D69}, {0x5D6B,0x5D6B},
    {0x5D6C,0x5D6C}, {0x5D6F,0x5D6F}, {0x5D74,0x5D74}, {0x5D7C,0x5D7C}, {0x5D7E,0x5D7E}, {0x5D81,0x5D5D}, {0x5D82,0x5D82}, {0x5D83,0x5D2D},
    {0x5D84,0x5D2D}, {0x5D87,0x5C96}, {0x5D8B,0x5D8B}, {0x5D8C,0x5D8C}, {0x5D92,0x5D92}, {0x5D93,0x5D93}, {0x5D94,0x5D5A}, {0x5D97,0x5D02},
    {0x5D99,0x5D99}, {0x5D9D,0x5D9D}, {0x5D9E,0x5D9E}, {0x5DA0,0x5CE4}, {0x5DA1,0x5DA1}, {0x5DA2,0x5DA2}, {0x5DA7,0x5CC4}, {0x5DA8,0x5DA8},
    {0x5DAD,0x5DAD}, {0x5DAE,0x5DAE}, {0x5DB0,0x5DB0}, {0x5DB2,0x5DB2}, {0x5DB4,0x5C99}, {0x5DB7,0x5DB7}, {0x5DB8,0x5D58}, {0x5DBA,0x5CAD},
    {0x5DBC,0x5C7F}, {0x5DBD,0x5CB3}, {0x5DC2,0x5DC2}, {0x5DC3,0x5DC3}, {0x5DC6,0x5DC6}, {0x5DC7,0x5DC7}, {0x5DC9,0x5DC9}, {0x5DCB,0x5CBF},
    {0x5DCC,0x5DCC}, {0x5DCD,0x5DCD}, {0x5DD2,0x5CE6}, {0x5DD3,0x5DD3}, {0x5DD4,0x5DC5}, {0x5DD6,0x5CA9}, {0x5DD8,0x5DD8}, {0x5DDB,0x5DDB},
    {0x5DDD,0x5DDD}, {0x5DDE,0x5DDE}, {0x5DDF,0x5DDF}, {0x5DE0,0x5DE0}, {0x5DE1,0x5DE1}, {0x5DE2,0x5DE2}, {0x5DE3,0x5DE3}, {0x5DE4,0x5DE4},
    {0x5DE5,0x5DE5}, {0x5DE6,0x5DE6}, {0x5DE7,0x5DE7}, {0x5DE8,0x5DE8}, {0x5DEB,0x5DEB}, {0x5DEE,0x5DEE}, {0x5DF0,0x5DF0}, {0x5DF1,0x5DF1},
    {0x5DF2,0x5DF2}, {0x5DF3,0x5DF3}, {0x5DF4,0x5DF4}, {0x5DF7,0x5DF7}, {0x5DF9,0x537A}, {0x5DFB,0x5DFB}, {0x5DFD,0x5DFD}, {0x5DFE,0x5DFE},
    {0x5DFF,0x5DFF}, {0x5E02,0x5E02}, {0x5E03,0x5E03}, {0x5E06,0x5E06}, {0x5E0C,0x5E0C}, {0x5E11,0x5E11}, {0x5E14,0x5E14}, {0x5E15,0x5E15},
    {0x5E16,0x5E16}, {0x5E17,0x5E17}, {0x5E18,0x5E18}, {0x5E19,0x5E19}, {0x5E1A,0x5E1A}, {0x5E1B,0x5E1B}, {0x5E1D,0x5E1D}, {0x5E1F,0x5E1F},
    {0x5E21,0x5E21}, {0x5E23,0x5E23}, {0x5E25,0x5E05}, {0x5E28,0x5E28}, {0x5E2B,0x5E08}, {0x5E2C,0x88D9}, {0x5E2D,0x5E2D}, {0x5E2F,0x5E2F},
    {0x5E30,0x5E30}, {0x5E33,0x5E10}, {0x5E36,0x5E26}, {0x5E37,0x5E37}, {0x5E38,0x5E38}, {0x5E39,0x5E39}, {0x5E3D,0x5E3D}, {0x5E40,0x5E27},
    {0x5E43,0x5E0F}, {0x5E44,0x5E44}, {0x5E45,0x5E45}, {0x5E47,0x5E2E}, {0x5E4B,0x5E4B}, {0x5E4C,0x5E4C}, {0x5E4F,0x5E4F}, {0x5E54,0x5E54},
    {0x5E55,0x5E55}, {0x5E57,0x5E3C}, {0x5E58,0x5E3B}, {0x5E59,0x5E59}, {0x5E5A,0x5E2E}, {0x5E5B,0x5E5B}, {0x5E5E,0x5E5E}, {0x5E5F,0x5E1C},
    {0x5E60,0x5E60}, {0x5E61,0x5E61}, {0x5E62,0x5E62}, {0x5E63,0x5E01}, {0x5E66,0x5E66}, {0x5E68,0x5E68}, {0x5E69,0x5E69}, {0x5E6A,0x5E6A},
    {0x5E6B,0x5E2E}, {0x5E6C,0x5E31}, {0x5E6D,0x5E6D}, {0x5E6F,0x5E6F}, {0x5E70,0x5E70}, {0x5E72,0x5E72}, {0x5E73,0x5E73}, {0x5E74,0x5E74},
    {0x5E75,0x5E75}, {0x5E77,0x5E77}, {0x5E78,0x5E78}, {0x5E79,0x5E72}, {0x5E7B,0x5E7B}, {0x5E7C,0x5E7C}, {0x5E7D,0x5E7D}, {0x5E7E,0x51E0},
    {0x5E80,0x5E80}, {0x5E81,0x5E81}, {0x5E83,0x5E83}, {0x5E84,0x5E84}, {0x5E87,0x5E87}, {0x5E88,0x5E88}, {0x5E89,0x5E89}, {0x5E8A,0x5E8A},
    {0x5E8B,0x5E8B}, {0x5E8F,0x5E8F}, {0x5E95,0x5E95}, {0x5E96,0x5E96}, {0x5E97,0x5E97}, {0x5E9A,0x5E9A}, {0x5E9C,0x5E9C}, {0x5EA0,0x5EA0},
    {0x5EA4,0x5EA4}, {0x5EA5,0x5EA5}, {0x5EA6,0x5EA6}, {0x5EA7,0x5EA7}, {0x5EAB,0x5E93}, {0x5EAC,0x5EAC}, {0x5EAD,0x5EAD}, {0x5EB1,0x5EB1},
    {0x5EB3,0x5EB3}, {0x5EB4,0x5EB4}, {0x5EB5,0x5EB5}, {0x5EB6,0x5EB6}, {0x5EB7,0x5EB7}, {0x5EB8,0x5EB8}, {0x5EB9,0x5EB9}, {0x5EBE,0x5EBE},
    {0x5EBF,0x5EBF}, {0x5EC1,0x5395}, {0x5EC2,0x53A2}, {0x5EC3,0x5EC3}, {0x5EC4,0x53A9}, {0x5EC6,0x5EC6}, {0x5EC8,0x53A6}, {0x5EC9,0x5EC9},
    {0x5ECA,0x5ECA}, {0x5ECB,0x5ECB}, {0x5ECC,0x5ECC}, {0x5ECE,0x5ECE}, {0x5ECF,0x5ECF}, {0x5ED0,0x5ED0}, {0x5ED1,0x5ED1}, {0x5ED2,0x5ED2},
    {0x5ED3,0x5ED3}, {0x5ED5,0x836B}, {0x5ED6,0x5ED6}, {0x5EDA,0x53A8}, {0x5EDB,0x5EDB}, {0x5EDD,0x53AE}, {0x5EDE,0x5EDE}, {0x5EDF,0x5E99},
    {0x5EE0,0x5382}, {0x5EE1,0x5E91}, {0x5EE2,0x5E9F}, {0x5EE3,0x5E7F}, {0x5EE5,0x5EE5}, {0x5EE7,0x5EE7}, {0x5EE8,0x5EE8}, {0x5EE9,0x5EEA},
    {0x5EEC,0x5E90}, {0x5EF1,0x5EF1}, {0x5EF3,0x5385}, {0x5EF6,0x5EF6}, {0x5EF7,0x5EF7}, {0x5EF8,0x5EF8}, {0x5EF9,0x8FEB}, {0x5EFA,0x5EFA},
    {0x5EFB,0x5EFB}, {0x5EFC,0x5EFC}, {0x5EFE,0x5EFE}, {0x5EFF,0x5EFF}, {0x5F01,0x5F01}, {0x5F04,0x5F04}, {0x5F07,0x5F07}, {0x5F08,0x5F08},
    {0x5F0A,0x5F0A}, {0x5F0B,0x5F0B}, {0x5F0C,0x5F0C}, {0x5F0D,0x5F0D}, {0x5F0E,0x5F0E}, {0x5F0F,0x5F0F}, {0x5F10,0x5F10}, {0x5F12,0x5F11},
    {0x5F13,0x5F13}, {0x5F14,0x540A}, {0x5F15,0x5F15}, {0x5F17,0x5F17}, {0x5F18,0x5F18}, {0x5F1B,0x5F1B}, {0x5F1D,0x5F1D}, {0x5F1F,0x5F1F},
    {0x5F22,0x5F22}, {0x5F23,0x5F23}, {0x5F24,0x5F24}, {0x5F26,0x5F26}, {0x5F27,0x5F27}, {0x5F28,0x5F28}, {0x5F29,0x5F29}, {0x5F2D,0x5F2D},
    {0x5F2E,0x5F2E}, {0x5F30,0x5F30}, {0x5F31,0x5F31}, {0x5F33,0x5F2A}, {0x5F35,0x5F20}, {0x5F36,0x5F36}, {0x5F37,0x5F3A}, {0x5F38,0x5F38},
    {0x5F3C,0x5F3C}, {0x5F3E,0x5F3E}, {0x5F40,0x5F40}, {0x5F44,0x5F44}, {0x5F46,0x522B}, {0x5F48,0x5F39}, {0x5F4A,0x5F3A}, {0x5F4C,0x5F25},
    {0x5F4E,0x5F2F}, {0x5F54,0x5F54}, {0x5F56,0x5F56}, {0x5F57,0x5F57}, {0x5F58,0x5F58}, {0x5F59,0x6C47}, {0x5F5E,0x5F5D}, {0x5F5F,0x5F5F},
    {0x5F60,0x5F5F}, {0x5F62,0x5F62}, {0x5F64,0x5F64}, {0x5F65,0x5F66}, {0x5F67,0x5F67}, {0x5F69,0x5F69}, {0x5F6A,0x5F6A}, {0x5F6B,0x96D5},
    {0x5F6C,0x5F6C}, {0x5F6D,0x5F6D}, {0x5F70,0x5F70}, {0x5F71,0x5F71}, {0x5F72,0x5F72}, {0x5F73,0x5F73}, {0x5F74,0x5F74}, {0x5F77,0x5F77},
    {0x5F78,0x5F78}, {0x5F79,0x5F79}, {0x5F7C,0x5F7C}, {0x5F7D,0x5F7D}, {0x5F7F,0x4F5B}, {0x5F80,0x5F80}, {0x5F81,0x5F81}, {0x5F82,0x5F82},
    {0x5F85,0x5F85}, {0x5F87,0x5F87}, {0x5F88,0x5F88}, {0x5F89,0x5F89}, {0x5F8A,0x5F8A}, {0x5F8B,0x5F8B}, {0x5F8C,0x540E}, {0x5F90,0x5F90},
    {0x5F91,0x5F84}, {0x5F92,0x5F92}, {0x5F93,0x5F93}, {0x5F97,0x5F97}, {0x5F98,0x5F98}, {0x5F99,0x5F99}, {0x5F9C,0x5F9C}, {0x5F9E,0x4ECE},
    {0x5FA0,0x5F95}, {0x5FA1,0x5FA1}, {0x5FA8,0x5FA8}, {0x5FA9,0x590D}, {0x5FAA,0x5FAA}, {0x5FAC,0x5FAC}, {0x5FAD,0x5FAD}, {0x5FAE,0x5FAE},
    {0x5FAF,0x5FAF}, {0x5FB3,0x5FB3}, {0x5FB4,0x5FB4}, {0x5FB5,0x5FB5}, {0x5FB7,0x5FB7}, {0x5FB9,0x5F7B}, {0x5FBB,0x5FBB}, {0x5FBC,0x5FBC},
    {0x5FBD,0x5FBD}, {0x5FC0,0x5FC0}, {0x5FC3,0x5FC3}, {0x5FC5,0x5FC5}, {0x5FC9,0x5FC9}, {0x5FCC,0x5FCC}, {0x5FCD,0x5FCD}, {0x5FD0,0x5FD0},
    {0x5FD1,0x5FD1}, {0x5FD2,0x5FD2}, {0x5FD6,0x5FD6}, {0x5FD7,0x5FD7}, {0x5FD8,0x5FD8}, {0x5FD9,0x5FD9}, {0x5FDC,0x5FDC}, {0x5FDD,0x5FDD},
    {0x5FDE,0x5FDE}, {0x5FE0,0x5FE0}, {0x5FE1,0x5FE1}, {0x5FE4,0x5FE4}, {0x5FEA,0x5FEA}, {0x5FEB,0x5FEB}, {0x5FED,0x5FED}, {0x5FEE,0x5FEE},
    {0x5FF1,0x5FF1}, {0x5FF5,0x5FF5}, {0x5FF8,0x5FF8}, {0x5FFB,0x5FFB}, {0x5FFD,0x5FFD}, {0x5FFF,0x5FFF}, {0x600D,0x600D}, {0x600E,0x600E},
    {0x600F,0x600F}, {0x6012,0x6012}, {0x6014,0x6014}, {0x6015,0x6015}, {0x6016,0x6016}, {0x6017,0x6017}, {0x6019,0x6019}, {0x601A,0x601A},
    {0x601B,0x601B}, {0x601D,0x601D}, {0x601E,0x601E}, {0x6020,0x6020}, {0x6021,0x6021}, {0x6025,0x6025}, {0x6026,0x6026}, {0x6027,0x6027},
    {0x6028,0x6028}, {0x6029,0x6029}, {0x602A,0x602A}, {0x602B,0x602B}, {0x602D,0x602D}, {0x602F,0x602F}, {0x6031,0x6031}, {0x6032,0x6032},
    {0x6033,0x604D}, {0x6035,0x6035}, {0x6038,0x6038}, {0x6039,0x6039}, {0x6041,0x6041}, {0x6042,0x6042}, {0x6043,0x6043}, {0x6046,0x6052},
    {0x6047,0x6047}, {0x6049,0x6049}, {0x604C,0x604C}, {0x604D,0x604D}, {0x604F,0x604F}, {0x6050,0x6050}, {0x6052,0x6052}, {0x6053,0x6053},
    {0x6054,0x6054}, {0x6055,0x6055}, {0x6058,0x6058}, {0x6059,0x6059}, {0x605A,0x605A}, {0x605B,0x605B}, {0x605D,0x605D}, {0x605E,0x605E},
    {0x605F,0x605F}, {0x6060,0x6060}, {0x6062,0x6062}, {0x6063,0x6063}, {0x6064,0x6064}, {0x6065,0x803B}, {0x6067,0x6067}, {0x6068,0x6068},
    {0x6069,0x6069}, {0x606A,0x606A}, {0x606B,0x606B}, {0x606C,0x606C}, {0x606D,0x606D}, {0x606F,0x606F}, {0x6070,0x6070}, {0x6075,0x6075},
    {0x607F,0x607F}, {0x6080,0x6080}, {0x6081,0x6081}, {0x6083,0x6083}, {0x6084,0x6084}, {0x6085,0x60A6}, {0x6086,0x6086}, {0x6089,0x6089},
    {0x608A,0x608A}, {0x608C,0x608C}, {0x608D,0x608D}, {0x6090,0x6090}, {0x6092,0x6092}, {0x6094,0x6094}, {0x6096,0x6096}, {0x609A,0x609A},
    {0x609B,0x609B}, {0x609C,0x609C}, {0x609D,0x609D}, {0x609F,0x609F}, {0x60A0,0x60A0}, {0x60A3,0x60A3}, {0x60A4,0x60A4}, {0x60A7,0x60A7},
    {0x60A8,0x60A8}, {0x60A9,0x60A9}, {0x60AA,0x60AA}, {0x60AE,0x60AE}, {0x60B0,0x60B0}, {0x60B1,0x60B1}, {0x60B2,0x60B2}, {0x60B3,0x5FB7},
    {0x60B4,0x60B4}, {0x60B5,0x6005}, {0x60B6,0x95F7}, {0x60B8,0x60B8}, {0x60BB,0x60BB}, {0x60BC,0x60BC}, {0x60BD,0x51C4}, {0x60BE,0x60BE},
    {0x60C4,0x60C4}, {0x60C5,0x60C5}, {0x60C6,0x60C6}, {0x60C7,0x60C7}, {0x60CB,0x60CB}, {0x60CC,0x60CC}, {0x60CE,0x60CE}, {0x60CF,0x60CF},
    {0x60D1,0x60D1}, {0x60D3,0x60D3}, {0x60D4,0x60D4}, {0x60D5,0x60D5}, {0x60D8,0x60D8}, {0x60D9,0x60D9}, {0x60DA,0x60DA}, {0x60DB,0x60DB},
    {0x60DC,0x60DC}, {0x60DD,0x60DD}, {0x60DF,0x60DF}, {0x60E0,0x60E0}, {0x60E1,0x6076}, {0x60E5,0x607F}, {0x60E6,0x60E6}, {0x60EA,0x5FB7},
    {0x60F0,0x60F0}, {0x60F1,0x607C}, {0x60F2,0x607D}, {0x60F3,0x60F3}, {0x60F4,0x60F4}, {0x60F6,0x60F6}, {0x60F7,0x8822}, {0x60F8,0x60F8},
    {0x60F9,0x60F9}, {0x60FA,0x60FA}, {0x60FB,0x607B}, {0x6100,0x6100}, {0x6101,0x6101}, {0x6103,0x6103}, {0x6106,0x6106}, {0x6108,0x6108},
    {0x6109,0x6109}, {0x610A,0x610A}, {0x610D,0x610D}, {0x610E,0x610E}, {0x610F,0x610F}, {0x6110,0x6110}, {0x6111,0x6111}, {0x6112,0x6112},
    {0x6113,0x6113}, {0x6114,0x6114}, {0x6115,0x6115}, {0x6119,0x606A}, {0x611A,0x611A}, {0x611B,0x7231}, {0x611C,0x60EC}, {0x611F,0x611F},
    {0x6123,0x6123}, {0x6127,0x6127}, {0x6128,0x60AB}, {0x612B,0x612B}, {0x612C,0x612C}, {0x612E,0x612E}, {0x612F,0x612F}, {0x6134,0x6006},
    {0x6137,0x607A}, {0x613C,0x613C}, {0x613E,0x5FFE}, {0x6141,0x6141}, {0x6142,0x607F}, {0x6144,0x6817}, {0x6145,0x6145}, {0x6146,0x6146},
    {0x6147,0x6147}, {0x6148,0x6148}, {0x6149,0x6149}, {0x614A,0x614A}, {0x614B,0x6001}, {0x614C,0x614C}, {0x614D,0x6120}, {0x614E,0x614E},
    {0x6155,0x6155}, {0x6158,0x60E8}, {0x615A,0x60ED}, {0x615D,0x615D}, {0x615F,0x6078}, {0x6162,0x6162}, {0x6163,0x60EF}, {0x6165,0x6165},
    {0x6167,0x6167}, {0x6168,0x6168}, {0x616A,0x6004}, {0x616B,0x6002}, {0x616C,0x616C}, {0x616E,0x8651}, {0x6170,0x6170}, {0x6171,0x6171},
    {0x6173,0x60AD}, {0x6174,0x6174}, {0x6175,0x6175}, {0x6176,0x5E86}, {0x6177,0x6177}, {0x617C,0x621A}, {0x617E,0x6B32}, {0x6180,0x6180},
    {0x6182,0x5FE7}, {0x6183,0x6183}, {0x618A,0x60EB}, {0x618B,0x618B}, {0x618D,0x618D}, {0x618E,0x618E}, {0x6190,0x601C}, {0x6191,0x51ED},
    {0x6192,0x6126}, {0x6194,0x6194}, {0x6196,0x6196}, {0x6199,0x6199}, {0x619A,0x60EE}, {0x619D,0x619D}, {0x61A4,0x6124}, {0x61A7,0x61A7},
    {0x61A8,0x61A8}, {0x61A9,0x61A9}, {0x61AA,0x61AA}, {0x61AB,0x60AF}, {0x61AC,0x61AC}, {0x61AD,0x61AD}, {0x61AE,0x6003}, {0x61AF,0x61AF},
    {0x61B2,0x5BAA}, {0x61B6,0x5FC6}, {0x61B7,0x61B7}, {0x61B8,0x61B8}, {0x61B9,0x61B9}, {0x61BA,0x61BA}, {0x61BE,0x61BE}, {0x61C2,0x61C2},
    {0x61C3,0x61C3}, {0x61C5,0x61C5}, {0x61C6,0x61C6}, {0x61C7,0x6073}, {0x61C8,0x61C8}, {0x61C9,0x5E94}, {0x61CA,0x61CA}, {0x61CB,0x61CB},
    {0x61CC,0x603F}, {0x61CD,0x61D4}, {0x61D0,0x61D0}, {0x61DE,0x61DE}, {0x61DF,0x603C}, {0x61E0,0x61E0}, {0x61E3,0x61D1}, {0x61E4,0x61E4},
    {0x61E5,0x61E5}, {0x61E6,0x61E6}, {0x61E8,0x6079}, {0x61EB,0x61EB}, {0x61EE,0x61EE}, {0x61F0,0x61F0}, {0x61F1,0x61F1}, {0x61F2,0x60E9},
    {0x61F5,0x61F5}, {0x61F6,0x61D2}, {0x61F7,0x6000}, {0x61F8,0x60AC}, {0x61FA,0x5FCF}, {0x61FC,0x60E7}, {0x61FD,0x61FD}, {0x61FE,0x6151},
    {0x61FF,0x61FF}, {0x6200,0x604B}, {0x6201,0x6201}, {0x6204,0x6204}, {0x6207,0x6206}, {0x6208,0x6208}, {0x6209,0x6209}, {0x620A,0x620A},
    {0x620C,0x620C}, {0x620D,0x620D}, {0x620E,0x620E}, {0x6210,0x6210}, {0x6211,0x6211}, {0x6212,0x6212}, {0x6214,0x620B}, {0x6215,0x6215},
    {0x6216,0x6216}, {0x621A,0x621A}, {0x621B,0x621B}, {0x621D,0x621D}, {0x621E,0x621B}, {0x621F,0x621F}, {0x6220,0x6220}, {0x6221,0x6221},
    {0x6222,0x6222}, {0x6223,0x6223}, {0x6224,0x6224}, {0x6225,0x6225}, {0x6226,0x6226}, {0x6227,0x6217}, {0x6229,0x622C}, {0x622A,0x622A},
    {0x622D,0x622D}, {0x622E,0x622E}, {0x622F,0x622F}, {0x6230,0x6218}, {0x6231,0x6231}, {0x6232,0x620F}, {0x6233,0x6233}, {0x6234,0x6234},
    {0x6236,0x6237}, {0x6238,0x6238}, {0x6239,0x6239}, {0x623A,0x623A}, {0x623B,0x623B}, {0x623C,0x536F}, {0x623D,0x623D}, {0x623E,0x623E},
    {0x623F,0x623F}, {0x6240,0x6240}, {0x6241,0x6241}, {0x6242,0x6242}, {0x6243,0x6243}, {0x6246,0x6246}, {0x6247,0x6247}, {0x6248,0x6248},
    {0x6249,0x6249}, {0x624A,0x624A}, {0x624B,0x624B}, {0x624D,0x624D}, {0x624E,0x624E}, {0x6250,0x6250}, {0x6252,0x6252}, {0x6253,0x6253},
    {0x6254,0x6254}, {0x6255,0x6255}, {0x6257,0x6257}, {0x6258,0x6258}, {0x625B,0x625B}, {0x625E,0x625E}, {0x6260,0x6260}, {0x6261,0x6261},
    {0x6262,0x6262}, {0x6263,0x6263}, {0x6264,0x6264}, {0x6266,0x6266}, {0x626D,0x626D}, {0x626E,0x626E}, {0x626F,0x626F}, {0x6271,0x6271},
    {0x6273,0x6273}, {0x6276,0x6276}, {0x6279,0x6279}, {0x627B,0x627B}, {0x627C,0x627C}, {0x627D,0x627D}, {0x627E,0x627E}, {0x627F,0x627F},
    {0x6280,0x6280}, {0x6283,0x6283}, {0x6284,0x6284}, {0x6286,0x6286}, {0x6288,0x6288}, {0x6289,0x6289}, {0x628A,0x628A}, {0x628C,0x628C},
    {0x628F,0x628F}, {0x6291,0x6291}, {0x6292,0x6292}, {0x6293,0x6293}, {0x6294,0x6294}, {0x6295,0x6295}, {0x6296,0x6296}, {0x6297,0x6297},
    {0x6298,0x6298}, {0x629C,0x629C}, {0x629D,0x62D7}, {0x629E,0x629E}, {0x62A8,0x62A8}, {0x62AB,0x62AB}, {0x62AC,0x62AC}, {0x62B1,0x62B1},
    {0x62B5,0x62B5}, {0x62B6,0x62B6}, {0x62B9,0x62B9}, {0x62BB,0x62BB}, {0x62BC,0x62BC}, {0x62BD,0x62BD}, {0x62BF,0x62BF}, {0x62C2,0x62C2},
    {0x62C3,0x62C3}, {0x62C4,0x62C4}, {0x62C6,0x62C6}, {0x62C7,0x62C7}, {0x62C8,0x62C8}, {0x62C9,0x62C9}, {0x62CA,0x62CA}, {0x62CB,0x629B},
    {0x62CC,0x62CC}, {0x62CD,0x62CD}, {0x62CE,0x62CE}, {0x62CF,0x62CF}, {0x62D0,0x62D0}, {0x62D1,0x62D1}, {0x62D2,0x62D2}, {0x62D3,0x62D3},
    {0x62D4,0x62D4}, {0x62D6,0x62D6}, {0x62D7,0x62D7}, {0x62D8,0x62D8}, {0x62D9,0x62D9}, {0x62DA,0x62DA}, {0x62DB,0x62DB}, {0x62DC,0x62DC},
    {0x62DD,0x62DD}, {0x62E0,0x62E0}, {0x62E1,0x62E1}, {0x62EB,0x62EB}, {0x62EC,0x62EC}, {0x62ED,0x62ED}, {0x62EE,0x62EE}, {0x62EF,0x62EF},
    {0x62F1,0x62F1}, {0x62F3,0x62F3}, {0x62F4,0x62F4}, {0x62F6,0x62F6}, {0x62F7,0x62F7}, {0x62FC,0x62FC}, {0x62FD,0x62FD}, {0x62FE,0x62FE},
    {0x62FF,0x62FF}, {0x6301,0x6301}, {0x6307,0x6307}, {0x6308,0x6308}, {0x6309,0x6309}, {0x630C,0x630C}, {0x630D,0x630D}, {0x630E,0x630E},
    {0x6310,0x6310}, {0x6311,0x6311}, {0x6313,0x6313}, {0x6316,0x6316}, {0x6319,0x6319}, {0x6328,0x6328}, {0x632A,0x632A}, {0x632B,0x632B},
    {0x632F,0x632F}, {0x6332,0x6332}, {0x6336,0x6336}, {0x6339,0x6339}, {0x633A,0x633A}, {0x633D,0x633D}, {0x633E,0x631F}, {0x633F,0x633F},
    {0x6342,0x6342}, {0x6343,0x6343}, {0x6344,0x6344}, {0x6345,0x6345}, {0x6346,0x6346}, {0x6349,0x6349}, {0x634B,0x634B}, {0x634C,0x634C},
    {0x634D,0x634D}, {0x634E,0x634E}, {0x634F,0x634F}, {0x6350,0x6350}, {0x6355,0x6355}, {0x6357,0x6357}, {0x6358,0x6358}, {0x6359,0x6359},
    {0x635C,0x635C}, {0x6365,0x6365}, {0x6367,0x6367}, {0x6368,0x820D}, {0x6369,0x6369}, {0x636B,0x626A}, {0x636D,0x636D}, {0x636E,0x636E},
    {0x6371,0x6371}, {0x6372,0x5377}, {0x6376,0x6376}, {0x6377,0x6377}, {0x637A,0x637A}, {0x637B,0x637B}, {0x637C,0x637C}, {0x637D,0x637D},
    {0x6380,0x6380}, {0x6382,0x6382}, {0x6383,0x626B}, {0x6384,0x62A1}, {0x6387,0x6387}, {0x6388,0x6388}, {0x6389,0x6389}, {0x638A,0x638A},
    {0x638C,0x638C}, {0x638E,0x638E}, {0x638F,0x638F}, {0x6390,0x6390}, {0x6392,0x6392}, {0x6394,0x6394}, {0x6396,0x6396}, {0x6397,0x6397},
    {0x6398,0x6398}, {0x6399,0x6323}, {0x639B,0x6302}, {0x639E,0x639E}, {0x63A0,0x63A0}, {0x63A1,0x91C7}, {0x63A2,0x63A2}, {0x63A3,0x63A3},
    {0x63A4,0x63A4}, {0x63A5,0x63A5}, {0x63A7,0x63A7}, {0x63A8,0x63A8}, {0x63A9,0x63A9}, {0x63AA,0x63AA}, {0x63AB,0x63AB}, {0x63AC,0x63AC},
    {0x63AE,0x63AE}, {0x63AF,0x63AF}, {0x63B0,0x63B0}, {0x63B1,0x63B1}, {0x63B2,0x63B2}, {0x63BD,0x63BD}, {0x63BE,0x63BE}, {0x63C0,0x62E3},
    {0x63C3,0x63C3}, {0x63C4,0x63C4}, {0x63C5,0x63C5}, {0x63C6,0x63C6}, {0x63C9,0x63C9}, {0x63CC,0x63CC}, {0x63CD,0x63CD}, {0x63CE,0x63CE},
    {0x63CF,0x63CF}, {0x63D0,0x63D0}, {0x63D2,0x63D2}, {0x63D5,0x63D5}, {0x63D6,0x63D6}, {0x63D7,0x63D7}, {0x63D8,0x63D8}, {0x63DA,0x626C},
    {0x63DB,0x6362}, {0x63DC,0x63DC}, {0x63DD,0x63DD}, {0x63DE,0x63DE}, {0x63E0,0x63E0}, {0x63E1,0x63E1}, {0x63E3,0x63E3}, {0x63E5,0x63E5},
    {0x63E9,0x63E9}, {0x63EA,0x63EA}, {0x63EB,0x63EB}, {0x63ED,0x63ED}, {0x63EE,0x6325}, {0x63F0,0x63F0}, {0x63F2,0x63F2}, {0x63F4,0x63F4},
    {0x63F5,0x63F5}, {0x63F6,0x63F6}, {0x63F8,0x63F8}, {0x63F9,0x80CC}, {0x63FA,0x63FA}, {0x6406,0x6406}, {0x6409,0x6409}, {0x640A,0x640A},
    {0x640B,0x640B}, {0x640C,0x640C}, {0x640D,0x635F}, {0x640E,0x640E}, {0x640F,0x640F}, {0x6410,0x6410}, {0x6413,0x6413}, {0x6414,0x6414},
    {0x6415,0x6415}, {0x6416,0x6447}, {0x6417,0x6363}, {0x6418,0x6418}, {0x641C,0x641C}, {0x641E,0x641E}, {0x6420,0x6420}, {0x6421,0x6421},
    {0x6422,0x6422}, {0x6423,0x6423}, {0x6424,0x6424}, {0x6425,0x6425}, {0x6426,0x6426}, {0x6427,0x6427}, {0x6428,0x6428}, {0x642A,0x642A},
    {0x642C,0x642C}, {0x642D,0x642D}, {0x642F,0x638F}, {0x6430,0x6430}, {0x6432,0x6432}, {0x6433,0x6433}, {0x6434,0x6434}, {0x6435,0x63FE},
    {0x6436,0x62A2}, {0x6437,0x6437}, {0x643D,0x643D}, {0x643E,0x643E}, {0x643F,0x643F}, {0x6440,0x6440}, {0x6441,0x6441}, {0x6442,0x6442},
    {0x6443,0x6443}, {0x644E,0x644E}, {0x6451,0x63B4}, {0x6452,0x6452}, {0x6453,0x6453}, {0x6454,0x6454}, {0x6458,0x6458}, {0x6459,0x6459},
    {0x645B,0x645B}, {0x645C,0x63BC}, {0x645E,0x645E}, {0x645F,0x6402}, {0x6460,0x6460}, {0x6466,0x6466}, {0x6467,0x6467}, {0x6469,0x6469},
    {0x646D,0x646D}, {0x646E,0x646E}, {0x646F,0x631A}, {0x6470,0x6470}, {0x6472,0x6472}, {0x6473,0x62A0}, {0x6474,0x6474}, {0x6476,0x629F},
    {0x6477,0x6477}, {0x6478,0x6478}, {0x6479,0x6479}, {0x647A,0x647A}, {0x647B,0x63BA}, {0x647D,0x647D}, {0x6482,0x6482}, {0x6483,0x6483},
    {0x6485,0x6485}, {0x6487,0x6487}, {0x6488,0x635E}, {0x648A,0x648A}, {0x648B,0x648B}, {0x648F,0x6326}, {0x6490,0x6491}, {0x6492,0x6492},
    {0x6493,0x6320}, {0x6495,0x6495}, {0x6499,0x6499}, {0x649A,0x649A}, {0x649D,0x39D1}, {0x649E,0x649E}, {0x649F,0x6322}, {0x64A2,0x64A2},
    {0x64A3,0x63B8}, {0x64A4,0x64A4}, {0x64A5,0x62E8}, {0x64A6,0x64A6}, {0x64A7,0x6485}, {0x64A9,0x64A9}, {0x64AB,0x629A}, {0x64AC,0x64AC},
    {0x64AD,0x64AD}, {0x64AE,0x64AE}, {0x64B0,0x64B0}, {0x64B1,0x64B1}, {0x64B2,0x6251}, {0x64B3,0x63FF}, {0x64BB,0x631E}, {0x64BC,0x64BC},
    {0x64BE,0x631D}, {0x64BF,0x6361}, {0x64C0,0x64C0}, {0x64C1,0x62E5}, {0x64C2,0x64C2}, {0x64C4,0x63B3}, {0x64C5,0x64C5}, {0x64C7,0x62E9},
    {0x64C9,0x64C9}, {0x64CA,0x51FB}, {0x64CB,0x6321}, {0x64CD,0x64CD}, {0x64CE,0x64CE}, {0x64D0,0x64D0}, {0x64D2,0x64D2}, {0x64D4,0x62C5},
    {0x64D5,0x64D5}, {0x64D6,0x64D6}, {0x64D7,0x64D7}, {0x64D8,0x64D8}, {0x64DA,0x636E}, {0x64E0,0x6324}, {0x64E1,0x64E1}, {0x64E2,0x64E2},
    {0x64E3,0x64E3}, {0x64E4,0x64E4}, {0x64E6,0x64E6}, {0x64E7,0x64E7}, {0x64E8,0x64E8}, {0x64E9,0x64E9}, {0x64EB,0x64EB}, {0x64EC,0x62DF},
    {0x64ED,0x64ED}, {0x64EF,0x6448}, {0x64F0,0x62E7}, {0x64F1,0x6401}, {0x64F2,0x63B7}, {0x64F4,0x6269}, {0x64F7,0x64B7}, {0x64F8,0x64F8},
    {0x64FA,0x6446}, {0x64FB,0x64DE}, {0x64FC,0x64B8}, {0x64FD,0x64FD}, {0x64FE,0x6270}, {0x64FF,0x64FF}, {0x6500,0x6500}, {0x6503,0x6503},
    {0x6504,0x6445}, {0x6506,0x64B5}, {0x6509,0x6509}, {0x650F,0x62E2}, {0x6510,0x6510}, {0x6513,0x6513}, {0x6514,0x62E6}, {0x6516,0x6484},
    {0x6518,0x6518}, {0x6519,0x6400}, {0x651B,0x64BA}, {0x651C,0x643A}, {0x651D,0x6444}, {0x6522,0x6512}, {0x6523,0x631B}, {0x6524,0x644A},
    {0x6525,0x6525}, {0x6529,0x6529}, {0x652A,0x6405}, {0x652B,0x652B}, {0x652C,0x63FD}, {0x652E,0x652E}, {0x652F,0x652F}, {0x6530,0x6530},
    {0x6532,0x6532}, {0x6534,0x6534}, {0x6536,0x6536}, {0x6537,0x6537}, {0x6538,0x6538}, {0x6539,0x6539}, {0x653B,0x653B}, {0x653D,0x653D},
    {0x653E,0x653E}, {0x653F,0x653F}, {0x6541,0x6541}, {0x6543,0x6543}, {0x6545,0x6545}, {0x6547,0x6547}, {0x6548,0x6548}, {0x6549,0x6549},
    {0x654D,0x53D9}, {0x654E,0x654E}, {0x654F,0x654F}, {0x6551,0x6551}, {0x6554,0x6554}, {0x6555,0x6555}, {0x6556,0x6556}, {0x6557,0x8D25},
    {0x6558,0x53D9}, {0x6559,0x6559}, {0x655C,0x655C}, {0x655D,0x655D}, {0x655E,0x655E}, {0x6562,0x6562}, {0x6563,0x6563}, {0x6566,0x6566},
    {0x6567,0x6567}, {0x656A,0x656A}, {0x656C,0x656C}, {0x6571,0x6573}, {0x6572,0x6572}, {0x6574,0x6574}, {0x6575,0x654C}, {0x6577,0x6577},
    {0x6578,0x6570}, {0x6579,0x6579}, {0x657A,0x657A}, {0x657B,0x657B}, {0x657F,0x657F}, {0x6581,0x6581}, {0x6582,0x655B}, {0x6583,0x6BD9},
    {0x6584,0x6584}, {0x6587,0x6587}, {0x6589,0x6589}, {0x658C,0x658C}, {0x658E,0x658E}, {0x6590,0x6590}, {0x6591,0x6591}, {0x6592,0x6592},
    {0x6595,0x6593}, {0x6597,0x6597}, {0x6599,0x6599}, {0x659B,0x659B}, {0x659C,0x659C}, {0x659D,0x659D}, {0x659E,0x659E}, {0x659F,0x659F},
    {0x65A0,0x65A0}, {0x65A1,0x65A1}, {0x65A2,0x65A2}, {0x65A4,0x65A4}, {0x65A5,0x65A5}, {0x65A7,0x65A7}, {0x65A8,0x65A8}, {0x65AB,0x65AB},
    {0x65AC,0x65A9}, {0x65AE,0x65AE}, {0x65AF,0x65AF}, {0x65B0,0x65B0}, {0x65B2,0x65B2}, {0x65B7,0x65AD}, {0x65B8,0x65B8}, {0x65B9,0x65B9},
    {0x65BC,0x65BC}, {0x65BD,0x65BD}, {0x65BE,0x65BE}, {0x65BF,0x65BF}, {0x65C0,0x65C0}, {0x65C1,0x65C1}, {0x65C2,0x65D7}, {0x65C3,0x65C3},
    {0x65C4,0x65C4}, {0x65C5,0x65C5}, {0x65C6,0x65C6}, {0x65CB,0x65CB}, {0x65CC,0x65CC}, {0x65CE,0x65CE}, {0x65CF,0x65CF}, {0x65D0,0x65D0},
    {0x65D2,0x65D2}, {0x65D3,0x65D3}, {0x65D6,0x65D6}, {0x65D7,0x65D7}, {0x65DB,0x65DB}, {0x65DD,0x65DD}, {0x65DF,0x65DF}, {0x65E1,0x65E1},
    {0x65E2,0x65E2}, {0x65E3,0x65E3}, {0x65E5,0x65E5}, {0x65E6,0x65E6}, {0x65E8,0x65E8}, {0x65E9,0x65E9}, {0x65EC,0x65EC}, {0x65ED,0x65ED},
    {0x65EE,0x65EE}, {0x65EF,0x65EF}, {0x65F0,0x65F0}, {0x65F1,0x65F1}, {0x65F4,0x65F4}, {0x65F9,0x65F6}, {0x65FA,0x65FA}, {0x65FB,0x65FB},
    {0x65FC,0x65FC}, {0x65FD,0x65FD}, {0x6600,0x6600}, {0x6602,0x6602}, {0x6603,0x6603}, {0x6604,0x6604}, {0x6606,0x6606}, {0x6607,0x6607},
    {0x6609,0x6609}, {0x660A,0x660A}, {0x660C,0x660C}, {0x660E,0x660E}, {0x660F,0x660F}, {0x6611,0x6611}, {0x6613,0x6613}, {0x6614,0x6614},
    {0x6615,0x6615}, {0x661C,0x661C}, {0x661D,0x661D}, {0x661E,0x661E}, {0x661F,0x661F}, {0x6620,0x6620}, {0x6621,0x6621}, {0x6624,0x6624},
    {0x6625,0x6625}, {0x6626,0x6626}, {0x6627,0x6627}, {0x6628,0x6628}, {0x662B,0x662B}, {0x662D,0x662D}, {0x662F,0x662F}, {0x6630,0x662F},
    {0x6631,0x6631}, {0x6633,0x6633}, {0x6634,0x6634}, {0x6635,0x6635}, {0x6636,0x6636}, {0x663A,0x663A}, {0x663B,0x663B}, {0x6641,0x6641},
    {0x6642,0x65F6}, {0x6643,0x6643}, {0x6644,0x6644}, {0x6645,0x6645}, {0x6649,0x664B}, {0x664C,0x664C}, {0x664F,0x664F}, {0x6652,0x6652},
    {0x6657,0x6657}, {0x665A,0x665A}, {0x665B,0x665B}, {0x665C,0x665C}, {0x665D,0x663C}, {0x665E,0x665E}, {0x665F,0x665F}, {0x6661,0x6661},
    {0x6662,0x6662}, {0x6664,0x6664}, {0x6665,0x6665}, {0x6666,0x6666}, {0x6668,0x6668}, {0x6669,0x6669}, {0x666C,0x666C}, {0x666E,0x666E},
    {0x666F,0x666F}, {0x6670,0x6670}, {0x6674,0x6674}, {0x6676,0x6676}, {0x6677,0x6677}, {0x667A,0x667A}, {0x667E,0x667E}, {0x667F,0x667F},
    {0x6681,0x6681}, {0x6684,0x6684}, {0x6686,0x6686}, {0x6687,0x6687}, {0x6688,0x6655}, {0x6689,0x6656}, {0x668B,0x668B}, {0x668C,0x668C},
    {0x668D,0x668D}, {0x6690,0x6690}, {0x6691,0x6691}, {0x6694,0x6694}, {0x6695,0x6695}, {0x6696,0x6696}, {0x6697,0x6697}, {0x6698,0x65F8},
    {0x669D,0x669D}, {0x66A0,0x66A0}, {0x66A1,0x66A1}, {0x66A2,0x7545}, {0x66A6,0x66A6}, {0x66A8,0x66A8}, {0x66AA,0x66AA}, {0x66AB,0x6682},
    {0x66AE,0x66AE}, {0x66B1,0x6635}, {0x66B2,0x66B2}, {0x66B4,0x66B4}, {0x66B5,0x66B5}, {0x66B8,0x66B8}, {0x66B9,0x66B9}, {0x66BB,0x66BB},
    {0x66BE,0x66BE}, {0x66C0,0x66C0}, {0x66C4,0x6654}, {0x66C6,0x5386}, {0x66C7,0x6619}, {0x66C8,0x66C8}, {0x66C9,0x6653}, {0x66CC,0x66CC},
    {0x66CF,0x66CF}, {0x66D0,0x66D0}, {0x66D6,0x66A7}, {0x66D8,0x66D8}, {0x66D9,0x66D9}, {0x66DA,0x66DA}, {0x66DB,0x66DB}, {0x66DC,0x66DC},
    {0x66DD,0x66DD}, {0x66E0,0x65F7}, {0x66E1,0x53E0}, {0x66E6,0x66E6}, {0x66E8,0x663D}, {0x66E9,0x66E9}, {0x66EC,0x6652}, {0x66F0,0x66F0},
    {0x66F1,0x66F1}, {0x66F2,0x66F2}, {0x66F3,0x66F3}, {0x66F4,0x66F4}, {0x66F7,0x66F7}, {0x66F8,0x4E66}, {0x66F9,0x66F9}, {0x66FC,0x66FC},
    {0x66FD,0x66FD}, {0x66FE,0x66FE}, {0x66FF,0x66FF}, {0x6700,0x6700}, {0x6701,0x6701}, {0x6703,0x4F1A}, {0x6705,0x6705}, {0x6706,0x6706},
    {0x6708,0x6708}, {0x6709,0x6709}, {0x670A,0x670A}, {0x670B,0x670B}, {0x670D,0x670D}, {0x670F,0x670F}, {0x6710,0x6710}, {0x6713,0x6713},
    {0x6714,0x6714}, {0x6715,0x6715}, {0x6717,0x6717}, {0x6718,0x6718}, {0x6719,0x6719}, {0x671B,0x671B}, {0x671D,0x671D}, {0x671F,0x671F},
    {0x6720,0x6720}, {0x6722,0x6722}, {0x6723,0x6723}, {0x6726,0x6726}, {0x6727,0x80E7}, {0x6728,0x6728}, {0x6729,0x6729}, {0x672A,0x672A},
    {0x672B,0x672B}, {0x672C,0x672C}, {0x672D,0x672D}, {0x672E,0x672E}, {0x6730,0x6730}, {0x6731,0x6731}, {0x6733,0x6733}, {0x6734,0x6734},
    {0x6735,0x6735}, {0x6736,0x6735}, {0x673D,0x673D}, {0x673E,0x673E}, {0x673F,0x673F}, {0x6745,0x6745}, {0x6746,0x6746}, {0x6747,0x6747},
    {0x6748,0x6748}, {0x6749,0x6749}, {0x674C,0x674C}, {0x674E,0x674E}, {0x674F,0x674F}, {0x6750,0x6750}, {0x6751,0x6751}, {0x6753,0x6753},
    {0x6755,0x6755}, {0x6756,0x6756}, {0x6757,0x6757}, {0x6759,0x6759}, {0x675C,0x675C}, {0x675D,0x675D}, {0x675E,0x675E}, {0x675F,0x675F},
    {0x6760,0x6760}, {0x676A,0x676A}, {0x676D,0x676D}, {0x676F,0x676F}, {0x6770,0x6770}, {0x6771,0x4E1C}, {0x6772,0x6772}, {0x6773,0x6773},
    {0x6774,0x6774}, {0x6775,0x6775}, {0x6776,0x6776}, {0x6777,0x6777}, {0x6778,0x6778}, {0x677B,0x677B}, {0x677C,0x677C}, {0x677E,0x677E},
    {0x677F,0x677F}, {0x6787,0x6787}, {0x6789,0x6789}, {0x678B,0x678B}, {0x678C,0x678C}, {0x6790,0x6790}, {0x6792,0x6792}, {0x6793,0x6793},
    {0x6795,0x6795}, {0x6797,0x6797}, {0x6798,0x6798}, {0x6799,0x6799}, {0x679A,0x679A}, {0x679C,0x679C}, {0x679D,0x679D}, {0x679F,0x679F},
    {0x67AF,0x67AF}, {0x67B0,0x67B0}, {0x67B2,0x67B2}, {0x67B3,0x67B3}, {0x67B4,0x67B4}, {0x67B5,0x67B5}, {0x67B6,0x67B6}, {0x67B7,0x67B7},
    {0x67B8,0x67B8}, {0x67B9,0x67B9}, {0x67BB,0x67BB}, {0x67C1,0x67C1}, {0x67C2,0x67C2}, {0x67C3,0x67C3}, {0x67C4,0x67C4}, {0x67C5,0x67C5},
    {0x67C8,0x67C8}, {0x67CA,0x67CA}, {0x67CE,0x67CE}, {0x67CF,0x67CF}, {0x67D0,0x67D0}, {0x67D1,0x67D1}, {0x67D2,0x67D2}, {0x67D3,0x67D3},
    {0x67D4,0x67D4}, {0x67D8,0x67D8}, {0x67D9,0x67D9}, {0x67DA,0x67DA}, {0x67DC,0x67DC}, {0x67DD,0x67DD}, {0x67DE,0x67DE}, {0x67DF,0x67DF},
    {0x67E2,0x67E2}, {0x67E3,0x67E3}, {0x67E4,0x67E4}, {0x67E5,0x67E5}, {0x67E9,0x67E9}, {0x67EC,0x67EC}, {0x67EE,0x67EE}, {0x67EF,0x67EF},
    {0x67F0,0x67F0}, {0x67F1,0x67F1}, {0x67F2,0x67F2}, {0x67F3,0x67F3}, {0x67F4,0x67F4}, {0x67F5,0x6805}, {0x67F6,0x67F6}, {0x67F7,0x67F7},
    {0x67F8,0x67F8}, {0x67FA,0x67FA}, {0x67FB,0x67FB}, {0x67FF,0x67FF}, {0x6803,0x6803}, {0x6804,0x6804}, {0x6812,0x6812}, {0x6813,0x6813},
    {0x6814,0x6814}, {0x6817,0x6817}, {0x6818,0x6818}, {0x681D,0x681D}, {0x681F,0x681F}, {0x6821,0x6821}, {0x6822,0x67CF}, {0x6829,0x6829},
    {0x682A,0x682A}, {0x682B,0x682B}, {0x682D,0x682D}, {0x6831,0x6831}, {0x6832,0x6832}, {0x6833,0x6833}, {0x6834,0x6834}, {0x6835,0x6835},
    {0x6838,0x6838}, {0x6839,0x6839}, {0x683B,0x683B}, {0x683C,0x683C}, {0x683D,0x683D}, {0x6840,0x6840}, {0x6841,0x6841}, {0x6842,0x6842},
    {0x6843,0x6843}, {0x6844,0x6844}, {0x6845,0x6845}, {0x6846,0x6846}, {0x6848,0x6848}, {0x6849,0x6849}, {0x684B,0x684B}, {0x684C,0x684C},
    {0x684E,0x684E}, {0x6850,0x6850}, {0x6851,0x6851}, {0x6853,0x6853}, {0x6854,0x6854}, {0x6855,0x6855}, {0x685C,0x685C}, {0x685F,0x685F},
    {0x686B,0x686B}, {0x686D,0x686D}, {0x686E,0x676F}, {0x686F,0x686F}, {0x6872,0x6872}, {0x6874,0x6874}, {0x6876,0x6876}, {0x6877,0x6877},
    {0x6879,0x6879}, {0x687F,0x6746}, {0x6881,0x6881}, {0x6883,0x6883}, {0x6885,0x6885}, {0x6886,0x6886}, {0x688A,0x688A}, {0x688D,0x688D},
    {0x688F,0x688F}, {0x6890,0x6890}, {0x6893,0x6893}, {0x6894,0x6800}, {0x6897,0x6897}, {0x6898,0x67A7}, {0x689C,0x689C}, {0x689D,0x6761},
    {0x689F,0x67AD}, {0x68A0,0x68A0}, {0x68A1,0x68A1}, {0x68A2,0x68A2}, {0x68A3,0x68A3}, {0x68A7,0x68A7}, {0x68A8,0x68A8}, {0x68A9,0x68A9},
    {0x68AD,0x68AD}, {0x68AF,0x68AF}, {0x68B0,0x68B0}, {0x68B1,0x68B1}, {0x68B2,0x68B2}, {0x68B3,0x68B3}, {0x68B4,0x68B4}, {0x68B5,0x68B5},
    {0x68B9,0x68B9}, {0x68C1,0x68C1}, {0x68C3,0x68C3}, {0x68C4,0x5F03}, {0x68C9,0x68C9}, {0x68CB,0x68CB}, {0x68CD,0x68CD}, {0x68D0,0x68D0},
    {0x68D1,0x68D1}, {0x68D2,0x68D2}, {0x68D5,0x68D5}, {0x68D6,0x67A8}, {0x68D7,0x67A3}, {0x68D8,0x68D8}, {0x68DA,0x68DA}, {0x68DC,0x68DC},
    {0x68DF,0x680B}, {0x68E0,0x68E0}, {0x68E3,0x68E3}, {0x68E7,0x6808}, {0x68E8,0x68E8}, {0x68E9,0x68E9}, {0x68EA,0x68EA}, {0x68EB,0x68EB},
    {0x68EC,0x68EC}, {0x68EE,0x68EE}, {0x68EF,0x68EF}, {0x68F0,0x68F0}, {0x68F1,0x68F1}, {0x68F2,0x6816}, {0x68F3,0x68F3}, {0x68F5,0x68F5},
    {0x68F8,0x68F8}, {0x68F9,0x68F9}, {0x68FA,0x68FA}, {0x68FB,0x68FB}, {0x68FC,0x68FC}, {0x6900,0x7897}, {0x6904,0x6904}, {0x6905,0x6905},
    {0x6906,0x6906}, {0x6908,0x6908}, {0x690A,0x690A}, {0x690B,0x690B}, {0x690C,0x690C}, {0x690D,0x690D}, {0x690E,0x690E}, {0x690F,0x6860},
    {0x6910,0x6910}, {0x6911,0x6911}, {0x6912,0x6912}, {0x6913,0x6913}, {0x6917,0x6917}, {0x691C,0x691C}, {0x6924,0x6924}, {0x692A,0x692A},
    {0x6930,0x6930}, {0x6933,0x6933}, {0x6934,0x6934}, {0x6935,0x6935}, {0x6937,0x6937}, {0x6938,0x6938}, {0x6939,0x6939}, {0x693D,0x693D},
    {0x693F,0x693F}, {0x6940,0x6940}, {0x6942,0x6942}, {0x6944,0x533E}, {0x6945,0x6945}, {0x694A,0x6768}, {0x694B,0x694B}, {0x694D,0x694D},
    {0x694E,0x694E}, {0x6953,0x67AB}, {0x6954,0x6954}, {0x6957,0x6957}, {0x6958,0x6958}, {0x6959,0x6959}, {0x695A,0x695A}, {0x695B,0x695B},
    {0x695D,0x695D}, {0x695E,0x695E}, {0x695F,0x695F}, {0x6960,0x6960}, {0x6962,0x6962}, {0x6963,0x6963}, {0x6965,0x6965}, {0x6966,0x6966},
    {0x6968,0x6862}, {0x6969,0x6969}, {0x696A,0x696A}, {0x696B,0x696B}, {0x696C,0x696C}, {0x696D,0x4E1A}, {0x696E,0x696E}, {0x696F,0x696F},
    {0x6970,0x6970}, {0x6973,0x6885}, {0x6975,0x6781}, {0x6977,0x6977}, {0x6978,0x6978}, {0x6979,0x6979}, {0x697B,0x697B}, {0x697D,0x697D},
    {0x6980,0x6980}, {0x6982,0x6982}, {0x6983,0x6983}, {0x6986,0x6986}, {0x698A,0x698A}, {0x698E,0x698E}, {0x6994,0x6994}, {0x6995,0x6995},
    {0x6996,0x6996}, {0x6998,0x6998}, {0x699B,0x699B}, {0x699C,0x6412}, {0x69A0,0x69A0}, {0x69A1,0x69A1}, {0x69A4,0x69A4}, {0x69A5,0x69A5},
    {0x69A6,0x69A6}, {0x69A7,0x69A7}, {0x69A8,0x69A8}, {0x69AA,0x6769}, {0x69AB,0x69AB}, {0x69AD,0x69AD}, {0x69AE,0x8363}, {0x69B0,0x69B0},
    {0x69B1,0x69B1}, {0x69B4,0x69B4}, {0x69B7,0x69B7}, {0x69BB,0x69BB}, {0x69BC,0x69BC}, {0x69BE,0x69BE}, {0x69BF,0x6864}, {0x69C1,0x69C1},
    {0x69C3,0x69C3}, {0x69CA,0x69CA}, {0x69CB,0x6784}, {0x69CC,0x69CC}, {0x69CD,0x67AA}, {0x69CE,0x69CE}, {0x69D0,0x69D0}, {0x69D1,0x69D1},
    {0x69D3,0x6760}, {0x69D4,0x69D4}, {0x69D6,0x69D6}, {0x69D8,0x69D8}, {0x69DC,0x69DC}, {0x69E2,0x69E2}, {0x69E4,0x68BF}, {0x69E5,0x69E5},
    {0x69E7,0x6920}, {0x69E8,0x6901}, {0x69EA,0x69EA}, {0x69ED,0x69ED}, {0x69EE,0x692E}, {0x69F1,0x69F1}, {0x69F2,0x69F2}, {0x69F3,0x6868},
    {0x69FA,0x69FA}, {0x69FB,0x69FB}, {0x69FC,0x69FC}, {0x69FD,0x69FD}, {0x69FE,0x69FE}, {0x69FF,0x69FF}, {0x6A01,0x6869}, {0x6A02,0x4E50},
    {0x6A05,0x679E}, {0x6A06,0x6A06}, {0x6A0A,0x6A0A}, {0x6A0F,0x6A0F}, {0x6A11,0x6A11}, {0x6A13,0x697C}, {0x6A15,0x6A15}, {0x6A17,0x6A17},
    {0x6A18,0x6A18}, {0x6A19,0x6807}, {0x6A1B,0x6A1B}, {0x6A1E,0x67A2}, {0x6A1F,0x6A1F}, {0x6A20,0x6A20}, {0x6A21,0x6A21}, {0x6A23,0x6837},
    {0x6A27,0x6A27}, {0x6A28,0x6A28}, {0x6A29,0x6A29}, {0x6A32,0x6A32}, {0x6A34,0x6A34}, {0x6A35,0x6A35}, {0x6A38,0x6734}, {0x6A39,0x6811},
    {0x6A3A,0x6866}, {0x6A3B,0x6A3B}, {0x6A3D,0x6A3D}, {0x6A3E,0x6A3E}, {0x6A3F,0x6A3F}, {0x6A41,0x6A41}, {0x6A44,0x6A44}, {0x6A46,0x6A46},
    {0x6A47,0x6A47}, {0x6A48,0x6861}, {0x6A4B,0x6865}, {0x6A50,0x6A50}, {0x6A55,0x6A55}, {0x6A58,0x6A58}, {0x6A59,0x6A59}, {0x6A5A,0x6A5A},
    {0x6A5B,0x6A5B}, {0x6A5F,0x673A}, {0x6A61,0x6A61}, {0x6A62,0x692D}, {0x6A64,0x6A64}, {0x6A67,0x6A67}, {0x6A6B,0x6A2A}, {0x6A7E,0x6A7E},
    {0x6A7F,0x6A7F}, {0x6A80,0x6A80}, {0x6A81,0x6AA9}, {0x6A83,0x6A83}, {0x6A84,0x6A84}, {0x6A87,0x6A87}, {0x6A89,0x67FD}, {0x6A8D,0x6A8D},
    {0x6A8E,0x6A8E}, {0x6A90,0x6A90}, {0x6A91,0x6A91}, {0x6A94,0x6863}, {0x6A96,0x6A96}, {0x6A97,0x6A97}, {0x6A9C,0x6867}, {0x6A9F,0x69DA},
    {0x6AA0,0x6AA0}, {0x6AA2,0x68C0}, {0x6AA3,0x6A2F}, {0x6AA8,0x6AA8}, {0x6AAB,0x6AAB}, {0x6AAC,0x6AAC}, {0x6AAE,0x68BC}, {0x6AAF,0x53F0},
    {0x6AB3,0x69DF}, {0x6AB4,0x6AB4}, {0x6AB5,0x6AB5}, {0x6AB8,0x67E0}, {0x6ABB,0x69DB}, {0x6AC2,0x68F9}, {0x6AC3,0x67DC}, {0x6AC6,0x6AC6},
    {0x6ACC,0x6ACC}, {0x6AD3,0x6A79}, {0x6ADA,0x6988}, {0x6ADB,0x6809}, {0x6ADC,0x6ADC}, {0x6ADD,0x691F}, {0x6ADE,0x6A7C}, {0x6ADF,0x680E},
    {0x6AE1,0x6AE1}, {0x6AE5,0x6A71}, {0x6AE7,0x69E0}, {0x6AE8,0x680C}, {0x6AEA,0x67A5}, {0x6AEB,0x6A65}, {0x6AEC,0x6987}, {0x6AF1,0x8616},
    {0x6AF3,0x680A}, {0x6AF8,0x6989}, {0x6AF9,0x6AF9}, {0x6AFA,0x68C2}, {0x6AFB,0x6A31}, {0x6AFD,0x6AFD}, {0x6B00,0x6B00}, {0x6B02,0x6B02},
    {0x6B03,0x6B03}, {0x6B04,0x680F}, {0x6B0A,0x6743}, {0x6B0F,0x6924}, {0x6B10,0x6B10}, {0x6B11,0x6B11}, {0x6B12,0x683E}, {0x6B16,0x6984},
    {0x6B19,0x6B19}, {0x6B1E,0x68C2}, {0x6B20,0x6B20}, {0x6B21,0x6B21}, {0x6B23,0x6B23}, {0x6B28,0x6B28}, {0x6B2C,0x6B2C}, {0x6B31,0x6B31},
    {0x6B32,0x6B32}, {0x6B35,0x6B35}, {0x6B36,0x6B36}, {0x6B37,0x6B37}, {0x6B38,0x6B38}, {0x6B39,0x6B39}, {0x6B3A,0x6B3A}, {0x6B3B,0x6B3B},
    {0x6B3C,0x6B3C}, {0x6B3D,0x94A6}, {0x6B3E,0x6B3E}, {0x6B3F,0x6B3F}, {0x6B41,0x6B41}, {0x6B43,0x6B43}, {0x6B46,0x6B46}, {0x6B47,0x6B47},
    {0x6B48,0x6B48}, {0x6B49,0x6B49}, {0x6B4A,0x6B4A}, {0x6B4C,0x6B4C}, {0x6B4E,0x53F9}, {0x6B50,0x6B27}, {0x6B53,0x6B53}, {0x6B54,0x6B54},
    {0x6B55,0x6B55}, {0x6B58,0x6B58}, {0x6B59,0x6B59}, {0x6B5B,0x6B5B}, {0x6B5C,0x6B5C}, {0x6B5F,0x6B24}, {0x6B60,0x6B60}, {0x6B61,0x6B22},
    {0x6B62,0x6B62}, {0x6B63,0x6B63}, {0x6B64,0x6B64}, {0x6B65,0x6B65}, {0x6B66,0x6B66}, {0x6B67,0x6B67}, {0x6B69,0x6B69}, {0x6B6A,0x6B6A},
    {0x6B6E,0x6B6E}, {0x6B6F,0x6B6F}, {0x6B70,0x6B70}, {0x6B72,0x5C81}, {0x6B73,0x6B73}, {0x6B74,0x6B74}, {0x6B77,0x5386}, {0x6B78,0x5F52},
    {0x6B79,0x6B79}, {0x6B7A,0x6B7A}, {0x6B7B,0x6B7B}, {0x6B7E,0x6B7E}, {0x6B7F,0x6B81}, {0x6B80,0x592D}, {0x6B82,0x6B82}, {0x6B83,0x6B83},
    {0x6B84,0x6B84}, {0x6B86,0x6B86}, {0x6B88,0x6B88}, {0x6B89,0x6B89}, {0x6B8A,0x6B8A}, {0x6B8D,0x6B8D}, {0x6B91,0x6B91}, {0x6B96,0x6B96},
    {0x6B97,0x6B97}, {0x6B98,0x6B8B}, {0x6B99,0x6B99}, {0x6B9B,0x6B9B}, {0x6B9C,0x6B9C}, {0x6B9E,0x6B92}, {0x6BA2,0x6BA2}, {0x6BA3,0x6BA3},
    {0x6BA4,0x6B87}, {0x6BA5,0x6BA5}, {0x6BAA,0x6BAA}, {0x6BAB,0x6B9A}, {0x6BAD,0x50F5}, {0x6BAE,0x6B93}, {0x6BAF,0x6BA1}, {0x6BB0,0x6BB0},
    {0x6BB2,0x6B7C}, {0x6BB3,0x6BB3}, {0x6BB5,0x6BB5}, {0x6BB7,0x6BB7}, {0x6BB8,0x6BB8}, {0x6BB9,0x6BB9}, {0x6BBA,0x6740}, {0x6BBB,0x6BBB},
    {0x6BBC,0x58F3}, {0x6BBD,0x80B4}, {0x6BBF,0x6BBF}, {0x6BC0,0x6BC1}, {0x6BC5,0x6BC5}, {0x6BC6,0x6BB4}, {0x6BC8,0x6BC8}, {0x6BC9,0x6BC9},
    {0x6BCB,0x6BCB}, {0x6BCD,0x6BCD}, {0x6BCE,0x6BCE}, {0x6BCF,0x6BCF}, {0x6BD0,0x6BD0}, {0x6BD1,0x6BD1}, {0x6BD2,0x6BD2}, {0x6BD3,0x6BD3},
    {0x6BD4,0x6BD4}, {0x6BD6,0x6BD6}, {0x6BD7,0x6BD7}, {0x6BD8,0x6BD8}, {0x6BDA,0x6BDA}, {0x6BDB,0x6BDB}, {0x6BE7,0x6BE7}, {0x6BEB,0x6BEB},
    {0x6BEC,0x6BEC}, {0x6BEF,0x6BEF}, {0x6BF3,0x6BF3}, {0x6BF7,0x6BF7}, {0x6BF9,0x6BF9}, {0x6BFD,0x6BFD}, {0x6BFE,0x6BFE}, {0x6BFF,0x6BF5},
    {0x6C02,0x7266}, {0x6C04,0x6C04}, {0x6C05,0x6C05}, {0x6C06,0x6C06}, {0x6C08,0x6BE1}, {0x6C09,0x6C09}, {0x6C0A,0x6C0A}, {0x6C0C,0x6C07},
    {0x6C0D,0x6C0D}, {0x6C0F,0x6C0F}, {0x6C10,0x6C10}, {0x6C11,0x6C11}, {0x6C13,0x6C13}, {0x6C15,0x6C15}, {0x6C16,0x6C16}, {0x6C17,0x6C17},
    {0x6C18,0x6C18}, {0x6C19,0x6C19}, {0x6C1A,0x6C1A}, {0x6C1B,0x6C1B}, {0x6C1C,0x6C1C}, {0x6C1D,0x6C1D}, {0x6C1F,0x6C1F}, {0x6C21,0x6C21},
    {0x6C23,0x6C14}, {0x6C24,0x6C24}, {0x6C25,0x6C25}, {0x6C26,0x6C26}, {0x6C27,0x6C27}, {0x6C28,0x6C28}, {0x6C2A,0x6C2A}, {0x6C2B,0x6C22},
    {0x6C2C,0x6C29}, {0x6C2E,0x6C2E}, {0x6C2F,0x6C2F}, {0x6C30,0x6C30}, {0x6C33,0x6C32}, {0x6C34,0x6C34}, {0x6C35,0x6C35}, {0x6C37,0x51B0},
    {0x6C38,0x6C38}, {0x6C39,0x6C39}, {0x6C3A,0x6C3A}, {0x6C3D,0x6C3D}, {0x6C3E,0x6C3E}, {0x6C3F,0x6C3F}, {0x6C40,0x6C40}, {0x6C41,0x6C41},
    {0x6C42,0x6C42}, {0x6C46,0x6C46}, {0x6C4A,0x6C4A}, {0x6C4B,0x6C4B}, {0x6C4D,0x6C4D}, {0x6C4E,0x6C4E}, {0x6C4F,0x6C4F}, {0x6C50,0x6C50},
    {0x6C54,0x6C54}, {0x6C55,0x6C55}, {0x6C57,0x6C57}, {0x6C59,0x6C59}, {0x6C5A,0x6C5A}, {0x6C5B,0x6C5B}, {0x6C5C,0x6C5C}, {0x6C5D,0x6C5D},
    {0x6C5E,0x6C5E}, {0x6C5F,0x6C5F}, {0x6C60,0x6C60}, {0x6C61,0x6C61}, {0x6C67,0x6C67}, {0x6C68,0x6C68}, {0x6C69,0x6C69}, {0x6C6A,0x6C6A},
    {0x6C6D,0x6C6D}, {0x6C70,0x6C70}, {0x6C72,0x6C72}, {0x6C73,0x6C73}, {0x6C74,0x6C74}, {0x6C76,0x6C76}, {0x6C7A,0x51B3}, {0x6C7D,0x6C7D},
    {0x6C7E,0x6C7E}, {0x6C81,0x6C81}, {0x6C82,0x6C82}, {0x6C83,0x6C83}, {0x6C84,0x6C84}, {0x6C85,0x6C85}, {0x6C86,0x6C86}, {0x6C87,0x6C87},
    {0x6C88,0x6C88}, {0x6C89,0x6C89}, {0x6C8C,0x6C8C}, {0x6C8D,0x6C8D}, {0x6C8F,0x6C8F}, {0x6C90,0x6C90}, {0x6C92,0x6CA1}, {0x6C93,0x6C93},
    {0x6C94,0x6C94}, {0x6C95,0x6C95}, {0x6C96,0x51B2}, {0x6C98,0x6C98}, {0x6C99,0x6C99}, {0x6C9A,0x6C9A}, {0x6C9B,0x6C9B}, {0x6CA2,0x6CA2},
    {0x6CAB,0x6CAB}, {0x6CAC,0x6CAC}, {0x6CAD,0x6CAD}, {0x6CAE,0x6CAE}, {0x6CB0,0x6CB0}, {0x6CB1,0x6CB1}, {0x6CB3,0x6CB3}, {0x6CB4,0x6CB4},
    {0x6CB7,0x6CB7}, {0x6CB8,0x6CB8}, {0x6CB9,0x6CB9}, {0x6CBA,0x6CBA}, {0x6CBB,0x6CBB}, {0x6CBC,0x6CBC}, {0x6CBD,0x6CBD}, {0x6CBE,0x6CBE},
    {0x6CBF,0x6CBF}, {0x6CC1,0x51B5}, {0x6CC2,0x6CC2}, {0x6CC4,0x6CC4}, {0x6CC5,0x6CC5}, {0x6CC6,0x6CC6}, {0x6CC9,0x6CC9}, {0x6CCA,0x6CCA},
    {0x6CCC,0x6CCC}, {0x6CD0,0x6CD0}, {0x6CD1,0x6CD1}, {0x6CD2,0x6CD2}, {0x6CD3,0x6CD3}, {0x6CD4,0x6CD4}, {0x6CD5,0x6CD5}, {0x6CD6,0x6CD6},
    {0x6CD7,0x6CD7}, {0x6CD9,0x6CD9}, {0x6CDA,0x6CDA}, {0x6CDB,0x6CDB}, {0x6CDC,0x6CDC}, {0x6CDD,0x6CDD}, {0x6CE0,0x6CE0}, {0x6CE1,0x6CE1},
    {0x6CE2,0x6CE2}, {0x6CE3,0x6CE3}, {0x6CE5,0x6CE5}, {0x6CE8,0x6CE8}, {0x6CE9,0x6CE9}, {0x6CEB,0x6CEB}, {0x6CED,0x6CED}, {0x6CEE,0x6CEE},
    {0x6CEF,0x6CEF}, {0x6CF0,0x6CF0}, {0x6CF1,0x6CF1}, {0x6CF2,0x6CF2}, {0x6CF3,0x6CF3}, {0x6CF5,0x6CF5}, {0x6D04,0x6D04}, {0x6D07,0x6D07},
    {0x6D0A,0x6D0A}, {0x6D0B,0x6D0B}, {0x6D0C,0x6D0C}, {0x6D0E,0x6D0E}, {0x6D0F,0x6D0F}, {0x6D11,0x6D11}, {0x6D17,0x6D17}, {0x6D19,0x6D19},
    {0x6D1A,0x6D1A}, {0x6D1B,0x6D1B}, {0x6D1E,0x6D1E}, {0x6D1F,0x6D1F}, {0x6D22,0x6D22}, {0x6D23,0x6D23}, {0x6D25,0x6D25}, {0x6D27,0x6D27},
    {0x6D28,0x6D28}, {0x6D29,0x6D29}, {0x6D2A,0x6D2A}, {0x6D2B,0x6D2B}, {0x6D2E,0x6D2E}, {0x6D31,0x6D31}, {0x6D32,0x6D32}, {0x6D33,0x6D33},
    {0x6D34,0x6D34}, {0x6D35,0x6D35}, {0x6D36,0x6C79}, {0x6D38,0x6D38}, {0x6D39,0x6D39}, {0x6D3A,0x6D3A}, {0x6D3B,0x6D3B}, {0x6D3C,0x6D3C},
    {0x6D3D,0x6D3D}, {0x6D3E,0x6D3E}, {0x6D3F,0x6D3F}, {0x6D41,0x6D41}, {0x6D44,0x6D44}, {0x6D49,0x6D49}, {0x6D59,0x6D59}, {0x6D5A,0x6D5A},
    {0x6D5C,0x6D5C}, {0x6D60,0x6D60}, {0x6D61,0x6D61}, {0x6D63,0x6D63}, {0x6D64,0x6D64}, {0x6D65,0x6D65}, {0x6D66,0x6D66}, {0x6D69,0x6D69},
    {0x6D6A,0x6D6A}, {0x6D6C,0x6D6C}, {0x6D6D,0x6D6D}, {0x6D6E,0x6D6E}, {0x6D6F,0x6D6F}, {0x6D70,0x6D70}, {0x6D74,0x6D74}, {0x6D77,0x6D77},
    {0x6D78,0x6D78}, {0x6D79,0x6D43}, {0x6D7C,0x6D7C}, {0x6D7D,0x6D7D}, {0x6D82,0x6D82}, {0x6D85,0x6D85}, {0x6D87,0x6CFE}, {0x6D88,0x6D88},
    {0x6D89,0x6D89}, {0x6D8A,0x6D8A}, {0x6D8C,0x6D8C}, {0x6D8E,0x6D8E}, {0x6D90,0x6D90}, {0x6D91,0x6D91}, {0x6D92,0x6D92}, {0x6D93,0x6D93},
    {0x6D94,0x6D94}, {0x6D95,0x6D95}, {0x6D96,0x8385}, {0x6D98,0x6D98}, {0x6D99,0x6D99}, {0x6DAA,0x6DAA}, {0x6DAB,0x6DAB}, {0x6DAC,0x6DAC},
    {0x6DAE,0x6DAE}, {0x6DAF,0x6DAF}, {0x6DB2,0x6DB2}, {0x6DB4,0x6DB4}, {0x6DB5,0x6DB5}, {0x6DB6,0x6DB6}, {0x6DB7,0x6DB7}, {0x6DB8,0x6DB8},
    {0x6DBC,0x51C9}, {0x6DBF,0x6DBF}, {0x6DC0,0x6DC0}, {0x6DC4,0x6DC4}, {0x6DC5,0x6DC5}, {0x6DC6,0x6DC6}, {0x6DC7,0x6DC7}, {0x6DCA,0x6DCA},
    {0x6DCB,0x6DCB}, {0x6DCC,0x6DCC}, {0x6DD1,0x6DD1}, {0x6DD2,0x51C4}, {0x6DD3,0x6DD3}, {0x6DD6,0x6DD6}, {0x6DD8,0x6DD8}, {0x6DD9,0x6DD9},
    {0x6DDA,0x6CEA}, {0x6DDC,0x6DDC}, {0x6DDD,0x6DDD}, {0x6DDE,0x6DDE}, {0x6DDF,0x6DDF}, {0x6DE0,0x6DE0}, {0x6DE1,0x6DE1}, {0x6DE2,0x6DE2},
    {0x6DE4,0x6DE4}, {0x6DE5,0x6E0C}, {0x6DE6,0x6DE6}, {0x6DE8,0x51C0}, {0x6DE9,0x6DE9}, {0x6DEA,0x6CA6}, {0x6DEB,0x6DEB}, {0x6DEC,0x6DEC},
    {0x6DEE,0x6DEE}, {0x6DEF,0x6DEF}, {0x6DF0,0x6DF0}, {0x6DF1,0x6DF1}, {0x6DF3,0x6DF3}, {0x6DF5,0x6E0A}, {0x6DF6,0x6D9E}, {0x6DF7,0x6DF7},
    {0x6DF8,0x6DF8}, {0x6DF9,0x6DF9}, {0x6DFA,0x6D45}, {0x6DFB,0x6DFB}, {0x6DFC,0x6DFC}, {0x6E05,0x6E05}, {0x6E07,0x6E07}, {0x6E08,0x6E08},
    {0x6E09,0x6E09}, {0x6E0B,0x6E0B}, {0x6E13,0x6E13}, {0x6E15,0x6E15}, {0x6E19,0x6DA3}, {0x6E1A,0x6E1A}, {0x6E1B,0x51CF}, {0x6E1D,0x6E1D},
    {0x6E1F,0x6E1F}, {0x6E20,0x6E20}, {0x6E21,0x6E21}, {0x6E22,0x6E22}, {0x6E23,0x6E23}, {0x6E24,0x6E24}, {0x6E25,0x6E25}, {0x6E26,0x6DA1},
    {0x6E27,0x6E27}, {0x6E28,0x6E28}, {0x6E2B,0x6E2B}, {0x6E2C,0x6D4B}, {0x6E2D,0x6E2D}, {0x6E2E,0x6E2E}, {0x6E2F,0x6E2F}, {0x6E30,0x6E30},
    {0x6E32,0x6E32}, {0x6E34,0x6E34}, {0x6E36,0x6E36}, {0x6E38,0x6E38}, {0x6E3A,0x6E3A}, {0x6E3C,0x6E3C}, {0x6E3E,0x6D51}, {0x6E43,0x6E43},
    {0x6E44,0x6E44}, {0x6E45,0x6E45}, {0x6E49,0x6E49}, {0x6E4A,0x51D1}, {0x6E4B,0x6E4B}, {0x6E4D,0x6E4D}, {0x6E4E,0x6E4E}, {0x6E51,0x6E51},
    {0x6E53,0x6E53}, {0x6E54,0x6E54}, {0x6E56,0x6E56}, {0x6E58,0x6E58}, {0x6E5B,0x6E5B}, {0x6E5C,0x6E5C}, {0x6E5D,0x6E5D}, {0x6E5E,0x6D48},
    {0x6E5F,0x6E5F}, {0x6E62,0x6E62}, {0x6E63,0x6E63}, {0x6E67,0x6D8C}, {0x6E69,0x6E69}, {0x6E6B,0x6E6B}, {0x6E6E,0x6E6E}, {0x6E6F,0x6C64},
    {0x6E71,0x6E71}, {0x6E72,0x6E72}, {0x6E74,0x6E74}, {0x6E7C,0x6D85}, {0x6E80,0x6E80}, {0x6E88,0x6CA9}, {0x6E89,0x6E89}, {0x6E8D,0x6E8D},
    {0x6E8E,0x6E8E}, {0x6E8F,0x6E8F}, {0x6E90,0x6E90}, {0x6E96,0x51C6}, {0x6E98,0x6E98}, {0x6E9B,0x6E9B}, {0x6E9C,0x6E9C}, {0x6E9D,0x6C9F},
    {0x6E9F,0x6E9F}, {0x6EA0,0x6EA0}, {0x6EA2,0x6EA2}, {0x6EA4,0x6EA4}, {0x6EA5,0x6EA5}, {0x6EA6,0x6EA6}, {0x6EA7,0x6EA7}, {0x6EAA,0x6EAA},
    {0x6EAB,0x6E29}, {0x6EAE,0x6EAE}, {0x6EAF,0x6EAF}, {0x6EB1,0x6EB1}, {0x6EB2,0x6EB2}, {0x6EB3,0x6EB3}, {0x6EB4,0x6EB4}, {0x6EB5,0x6EB5},
    {0x6EB6,0x6EB6}, {0x6EB7,0x6EB7}, {0x6EBA,0x6EBA}, {0x6EBB,0x6EBB}, {0x6EBC,0x6EBC}, {0x6EBD,0x6EBD}, {0x6EBE,0x6EBE}, {0x6EC1,0x6EC1},
    {0x6EC2,0x6EC2}, {0x6EC3,0x6EC3}, {0x6EC4,0x6CA7}, {0x6EC5,0x706D}, {0x6EC7,0x6EC7}, {0x6EC9,0x6EC9}, {0x6ECA,0x6ECA}, {0x6ECB,0x6ECB},
    {0x6ECC,0x6DA4}, {0x6ECE,0x8365}, {0x6ECF,0x6ECF}, {0x6ED1,0x6ED1}, {0x6ED3,0x6ED3}, {0x6ED4,0x6ED4}, {0x6ED5,0x6ED5}, {0x6ED8,0x6ED8},
    {0x6ED9,0x6C47}, {0x6EDD,0x6EDD}, {0x6EEB,0x6EEB}, {0x6EEC,0x6CAA}, {0x6EEE,0x6EEE}, {0x6EEF,0x6EDE}, {0x6EF2,0x6E17}, {0x6EF4,0x6EF4},
    {0x6EF7,0x5364}, {0x6EF8,0x6D52}, {0x6EF9,0x6EF9}, {0x6EFB,0x6D50}, {0x6EFE,0x6EDA}, {0x6EFF,0x6EE1}, {0x6F01,0x6E14}, {0x6F02,0x6F02},
    {0x6F06,0x6F06}, {0x6F08,0x6F08}, {0x6F09,0x6F09}, {0x6F0A,0x6F0A}, {0x6F0E,0x6F0E}, {0x6F0F,0x6F0F}, {0x6F13,0x6F13}, {0x6F14,0x6F14},
    {0x6F15,0x6F15}, {0x6F16,0x6F16}, {0x6F18,0x6F18}, {0x6F19,0x6F19}, {0x6F1A,0x6CA4}, {0x6F1C,0x6F1C}, {0x6F20,0x6F20}, {0x6F22,0x6C49},
    {0x6F23,0x6D9F}, {0x6F25,0x6F25}, {0x6F26,0x6F26}, {0x6F29,0x6F29}, {0x6F2A,0x6F2A}, {0x6F2B,0x6F2B}, {0x6F2C,0x6E0D}, {0x6F2D,0x6F2D},
    {0x6F2F,0x6F2F}, {0x6F30,0x6F30}, {0x6F31,0x6F31}, {0x6F32,0x6DA8}, {0x6F33,0x6F33}, {0x6F35,0x6E86}, {0x6F36,0x6F36}, {0x6F37,0x6F37},
    {0x6F38,0x6E10}, {0x6F3C,0x6F3C}, {0x6F3E,0x6F3E}, {0x6F3F,0x6D46}, {0x6F40,0x6F40}, {0x6F41,0x988D}, {0x6F44,0x6F44}, {0x6F4E,0x6F4E},
    {0x6F4F,0x6F4F}, {0x6F51,0x6CFC}, {0x6F54,0x6D01}, {0x6F55,0x6F55}, {0x6F57,0x6F57}, {0x6F58,0x6F58}, {0x6F5A,0x6F5A}, {0x6F5B,0x6F5C},
    {0x6F5D,0x6F5D}, {0x6F5E,0x6F5E}, {0x6F5F,0x6F5F}, {0x6F60,0x6F60}, {0x6F62,0x6F62}, {0x6F64,0x6DA6}, {0x6F66,0x6F66}, {0x6F6D,0x6F6D},
    {0x6F6E,0x6F6E}, {0x6F6F,0x6D54}, {0x6F70,0x6E83}, {0x6F72,0x6F72}, {0x6F75,0x6F75}, {0x6F77,0x6ED7}, {0x6F78,0x6F78}, {0x6F7A,0x6F7A},
    {0x6F7C,0x6F7C}, {0x6F7D,0x6F7D}, {0x6F7E,0x6F7E}, {0x6F7F,0x6DA0}, {0x6F80,0x6DA9}, {0x6F81,0x6F81}, {0x6F82,0x6F82}, {0x6F83,0x6F83},
    {0x6F84,0x6F84}, {0x6F86,0x6D47}, {0x6F87,0x6D9D}, {0x6F88,0x6F88}, {0x6F89,0x6F89}, {0x6F8C,0x6F8C}, {0x6F8D,0x6F8D}, {0x6F8E,0x6F8E},
    {0x6F90,0x6F90}, {0x6F92,0x6F92}, {0x6F94,0x6F94}, {0x6F97,0x6DA7}, {0x6F99,0x6F99}, {0x6FA0,0x6E11}, {0x6FA1,0x6FA1}, {0x6FA3,0x6FA3},
    {0x6FA4,0x6CFD}, {0x6FA5,0x6FA5}, {0x6FA6,0x6FA6}, {0x6FA7,0x6FA7}, {0x6FA8,0x6FA8}, {0x6FAB,0x6FAB}, {0x6FAC,0x6FAC}, {0x6FAE,0x6D4D},
    {0x6FB0,0x6FB0}, {0x6FB1,0x6DC0}, {0x6FB3,0x6FB3}, {0x6FB4,0x6FB4}, {0x6FB6,0x6FB6}, {0x6FB9,0x6FB9}, {0x6FBC,0x6FBC}, {0x6FC0,0x6FC0},
    {0x6FC1,0x6D4A}, {0x6FC2,0x6FC2}, {0x6FC3,0x6D53}, {0x6FC6,0x6FC6}, {0x6FC7,0x6FC7}, {0x6FC8,0x6FC8}, {0x6FC9,0x6FC9}, {0x6FCA,0x6FCA},
    {0x6FD4,0x6FD4}, {0x6FD5,0x6E7F}, {0x6FD8,0x6CDE}, {0x6FDB,0x8499}, {0x6FDC,0x6FDC}, {0x6FDE,0x6FDE}, {0x6FDF,0x6D4E}, {0x6FE0,0x6FE0},
    {0x6FE1,0x6FE1}, {0x6FE4,0x6D9B}, {0x6FE9,0x6FE9}, {0x6FEB,0x6EE5}, {0x6FEC,0x6D5A}, {0x6FEE,0x6FEE}, {0x6FEF,0x6FEF}, {0x6FF0,0x6F4D},
    {0x6FF1,0x6EE8}, {0x6FF2,0x6FF2}, {0x6FFA,0x6E85}, {0x6FFC,0x6CFA}, {0x6FFE,0x6EE4}, {0x7001,0x7001}, {0x7005,0x6EE2}, {0x7006,0x6E0E},
    {0x7009,0x6CFB}, {0x700B,0x6E16}, {0x700C,0x700C}, {0x700D,0x700D}, {0x700F,0x6D4F}, {0x7011,0x7011}, {0x7012,0x7012}, {0x7014,0x7014},
    {0x7015,0x6FD2}, {0x7018,0x6CF8}, {0x701A,0x701A}, {0x701B,0x701B}, {0x701D,0x6CA5}, {0x701F,0x6F47}, {0x7020,0x6F46}, {0x7021,0x7021},
    {0x7023,0x7023}, {0x7026,0x6F74}, {0x7027,0x6CF7}, {0x7028,0x6FD1}, {0x702C,0x702C}, {0x7030,0x5F25}, {0x7032,0x6F4B}, {0x7033,0x7033},
    {0x7035,0x7035}, {0x7039,0x7039}, {0x703A,0x703A}, {0x703C,0x703C}, {0x703E,0x6F9C}, {0x7043,0x6CA3}, {0x7044,0x6EE0}, {0x7049,0x7049},
    {0x704B,0x704B}, {0x704C,0x704C}, {0x7051,0x6D12}, {0x7052,0x7052}, {0x7055,0x6F13}, {0x7056,0x7056}, {0x7058,0x6EE9}, {0x705D,0x704F},
    {0x705E,0x705E}, {0x7060,0x7060}, {0x7062,0x7062}, {0x7063,0x6E7E}, {0x7064,0x6EE6}, {0x7065,0x7065}, {0x7068,0x7068}, {0x7069,0x6EDF},
    {0x706A,0x706A}, {0x706B,0x706B}, {0x706E,0x706E}, {0x7070,0x7070}, {0x7074,0x7074}, {0x7076,0x7076}, {0x7078,0x7078}, {0x707A,0x707A},
    {0x707C,0x707C}, {0x707D,0x707E}, {0x7081,0x7081}, {0x7085,0x7085}, {0x7086,0x7086}, {0x708A,0x708A}, {0x708E,0x708E}, {0x7092,0x7092},
    {0x7094,0x7094}, {0x7095,0x7095}, {0x7097,0x7097}, {0x7098,0x7098}, {0x7099,0x7099}, {0x70A4,0x70A4}, {0x70AB,0x70AB}, {0x70AC,0x70AC},
    {0x70AD,0x70AD}, {0x70AE,0x70AE}, {0x70AF,0x70AF}, {0x70B0,0x70B0}, {0x70B1,0x70B1}, {0x70B2,0x70B2}, {0x70B3,0x70B3}, {0x70B4,0x70B4},
    {0x70B7,0x70B7}, {0x70B8,0x70B8}, {0x70BA,0x4E3A}, {0x70BB,0x70BB}, {0x70C0,0x70C0}, {0x70C8,0x70C8}, {0x70CA,0x70CA}, {0x70CB,0x70CB},
    {0x70CF,0x4E4C}, {0x70D3,0x70D3}, {0x70D4,0x70D4}, {0x70D8,0x70D8}, {0x70D9,0x70D9}, {0x70DC,0x70DC}, {0x70DD,0x70DD}, {0x70E4,0x70E4},
    {0x70EF,0x70EF}, {0x70F3,0x70F3}, {0x70F4,0x70C3}, {0x70F7,0x70F7}, {0x70F9,0x70F9}, {0x70FA,0x70FA}, {0x70FD,0x70FD}, {0x7103,0x7103},
    {0x7104,0x7104}, {0x7109,0x7109}, {0x710A,0x710A}, {0x710C,0x710C}, {0x7110,0x7110}, {0x7113,0x7113}, {0x7117,0x7117}, {0x7119,0x7119},
    {0x711A,0x711A}, {0x711C,0x711C}, {0x711E,0x711E}, {0x7120,0x7120}, {0x7121,0x65E0}, {0x7122,0x7122}, {0x7126,0x7126}, {0x712E,0x712E},
    {0x712F,0x712F}, {0x7130,0x7130}, {0x7131,0x7131}, {0x7136,0x7136}, {0x713C,0x713C}, {0x7141,0x7141}, {0x7143,0x7143}, {0x7145,0x7145},
    {0x7146,0x7146}, {0x7147,0x7147}, {0x7149,0x70BC}, {0x714A,0x714A}, {0x714C,0x714C}, {0x714D,0x714D}, {0x714E,0x714E}, {0x7150,0x7150},
    {0x7152,0x709C}, {0x7155,0x7155}, {0x7156,0x7156}, {0x7157,0x6696}, {0x7159,0x70DF}, {0x715A,0x715A}, {0x715C,0x715C}, {0x715D,0x715D},
    {0x715E,0x715E}, {0x715F,0x715F}, {0x7160,0x7160}, {0x7162,0x8315}, {0x7164,0x7164}, {0x7165,0x7115}, {0x7166,0x7166}, {0x7167,0x7167},
    {0x7168,0x7168}, {0x7169,0x70E6}, {0x716C,0x7080}, {0x716E,0x716E}, {0x7172,0x7172}, {0x7173,0x7173}, {0x7178,0x7178}, {0x717A,0x717A},
    {0x717B,0x717B}, {0x717D,0x717D}, {0x7180,0x7180}, {0x7184,0x7184}, {0x7185,0x7185}, {0x7187,0x7187}, {0x7189,0x7189}, {0x718A,0x718A},
    {0x718F,0x718F}, {0x7192,0x8367}, {0x7194,0x7194}, {0x7197,0x709D}, {0x7198,0x7198}, {0x7199,0x7199}, {0x719B,0x719B}, {0x719C,0x719C},
    {0x719F,0x719F}, {0x71A0,0x71A0}, {0x71A4,0x71A4}, {0x71A8,0x71A8}, {0x71AC,0x71AC}, {0x71AF,0x71AF}, {0x71B0,0x71B0}, {0x71B1,0x70ED},
    {0x71B2,0x988E}, {0x71B3,0x71B3}, {0x71B5,0x71B5}, {0x71B8,0x71B8}, {0x71B9,0x71B9}, {0x71BE,0x70BD}, {0x71BF,0x71BF}, {0x71C0,0x71C0},
    {0x71C1,0x70E8}, {0x71C2,0x71C2}, {0x71C3,0x71C3}, {0x71C4,0x71C4}, {0x71C8,0x706F}, {0x71C9,0x7096}, {0x71CA,0x71CA}, {0x71CB,0x71CB},
    {0x71CE,0x71CE}, {0x71CF,0x71CF}, {0x71D0,0x71D0}, {0x71D2,0x70E7}, {0x71D4,0x71D4}, {0x71D5,0x71D5}, {0x71D6,0x71D6}, {0x71D9,0x70EB},
    {0x71DC,0x7116}, {0x71DF,0x8425}, {0x71E0,0x71E0}, {0x71E1,0x71E1}, {0x71E5,0x71E5}, {0x71E6,0x707F}, {0x71E7,0x71E7}, {0x71E8,0x71E8},
    {0x71EC,0x6BC1}, {0x71ED,0x70DB}, {0x71EE,0x71EE}, {0x71F4,0x70E9}, {0x71F9,0x71F9}, {0x71FB,0x71FB}, {0x71FC,0x70EC}, {0x71FD,0x71FD},
    {0x71FE,0x7118}, {0x71FF,0x71FF}, {0x7206,0x7206}, {0x7207,0x7207}, {0x720A,0x720A}, {0x720D,0x70C1}, {0x7210,0x7089}, {0x7213,0x7213},
    {0x721A,0x721A}, {0x721B,0x70C2}, {0x721D,0x721D}, {0x721F,0x721F}, {0x7228,0x7228}, {0x722A,0x722A}, {0x722C,0x722C}, {0x722D,0x4E89},
    {0x722F,0x722F}, {0x7230,0x7230}, {0x7232,0x4E3A}, {0x7235,0x7235}, {0x7236,0x7236}, {0x7238,0x7238}, {0x7239,0x7239}, {0x723A,0x7237},
    {0x723B,0x723B}, {0x723D,0x723D}, {0x723E,0x5C14}, {0x723F,0x723F}, {0x7240,0x7240}, {0x7241,0x7241}, {0x7242,0x7242}, {0x7244,0x7244},
    {0x7246,0x5899}, {0x7247,0x7247}, {0x7248,0x7248}, {0x724B,0x724B}, {0x724C,0x724C}, {0x724E,0x7A97}, {0x724F,0x724F}, {0x7252,0x7252},
    {0x7253,0x7253}, {0x7255,0x7A97}, {0x7256,0x7256}, {0x7258,0x724D}, {0x7259,0x7259}, {0x725A,0x725A}, {0x725B,0x725B}, {0x725D,0x725D},
    {0x725F,0x725F}, {0x7260,0x7260}, {0x7261,0x7261}, {0x7262,0x7262}, {0x7263,0x7263}, {0x7264,0x7264}, {0x7267,0x7267}, {0x7269,0x7269},
    {0x726E,0x726E}, {0x726F,0x726F}, {0x7272,0x7272}, {0x7273,0x7273}, {0x7274,0x7274}, {0x7277,0x7277}, {0x7278,0x7278}, {0x7279,0x7279},
    {0x727C,0x727C}, {0x727D,0x7275}, {0x727E,0x727E}, {0x727F,0x727F}, {0x7280,0x7280}, {0x7281,0x7281}, {0x7282,0x7282}, {0x7284,0x7284},
    {0x7286,0x7286}, {0x7287,0x7287}, {0x7289,0x7289}, {0x728D,0x728D}, {0x728E,0x728E}, {0x7292,0x7292}, {0x7296,0x8366}, {0x7297,0x7297},
    {0x729B,0x729B}, {0x729F,0x729F}, {0x72A0,0x72A0}, {0x72A2,0x728A}, {0x72A7,0x727A}, {0x72A8,0x72A8}, {0x72A9,0x72A9}, {0x72AA,0x72AA},
    {0x72AC,0x72AC}, {0x72AE,0x72AE}, {0x72AF,0x72AF}, {0x72B0,0x72B0}, {0x72B4,0x72B4}, {0x72B5,0x72B5}, {0x72BA,0x72BA}, {0x72C0,0x72B6},
    {0x72C1,0x72C1}, {0x72C2,0x72C2}, {0x72C3,0x72C3}, {0x72C4,0x72C4}, {0x72C6,0x72C6}, {0x72C9,0x72C9}, {0x72CD,0x72CD}, {0x72CE,0x72CE},
    {0x72D0,0x72D0}, {0x72D2,0x72D2}, {0x72D3,0x72D3}, {0x72D7,0x72D7}, {0x72D8,0x72D8}, {0x72D9,0x72D9}, {0x72E0,0x72E0}, {0x72E1,0x72E1},
    {0x72E8,0x72E8}, {0x72E9,0x72E9}, {0x72EB,0x72EB}, {0x72F3,0x72F3}, {0x72F4,0x72F4}, {0x72F7,0x72F7}, {0x72F8,0x72F8}, {0x72F9,0x72ED},
    {0x72FA,0x72FA}, {0x72FB,0x72FB}, {0x72FC,0x72FC}, {0x72FD,0x72C8}, {0x7301,0x7301}, {0x7307,0x7307}, {0x7308,0x7308}, {0x730A,0x730A},
    {0x730B,0x730B}, {0x7313,0x7313}, {0x7316,0x7316}, {0x7317,0x7317}, {0x7318,0x7318}, {0x7319,0x72F0}, {0x731B,0x731B}, {0x731C,0x731C},
    {0x731D,0x731D}, {0x731E,0x731E}, {0x731F,0x731F}, {0x7322,0x7322}, {0x7325,0x7325}, {0x7329,0x7329}, {0x732D,0x732D}, {0x7331,0x7331},
    {0x7332,0x7332}, {0x7333,0x7333}, {0x7334,0x7334}, {0x7336,0x72B9}, {0x7337,0x7337}, {0x7338,0x7338}, {0x7339,0x7339}, {0x733A,0x733A},
    {0x733B,0x72F2}, {0x733E,0x733E}, {0x733F,0x733F}, {0x7340,0x7340}, {0x7341,0x72B8}, {0x7343,0x7343}, {0x7344,0x72F1}, {0x7345,0x72EE},
    {0x7349,0x7349}, {0x734D,0x734D}, {0x734E,0x5956}, {0x734F,0x734F}, {0x7350,0x7350}, {0x7352,0x7352}, {0x7355,0x7355}, {0x7357,0x7357},
    {0x7358,0x6BD9}, {0x7359,0x7359}, {0x735A,0x735A}, {0x735C,0x735C}, {0x735D,0x735D}, {0x735E,0x735E}, {0x7360,0x7360}, {0x7362,0x7362},
    {0x7363,0x7363}, {0x7367,0x7367}, {0x7368,0x72EC}, {0x736A,0x72EF}, {0x736B,0x7303}, {0x736C,0x736C}, {0x736E,0x72DD}, {0x736F,0x736F},
    {0x7370,0x72DE}, {0x7372,0x83B7}, {0x7373,0x7373}, {0x7374,0x7374}, {0x7375,0x730E}, {0x7377,0x72B7}, {0x7378,0x517D}, {0x737A,0x736D},
    {0x737B,0x732E}, {0x737C,0x7315}, {0x737E,0x737E}, {0x7380,0x7321}, {0x7381,0x7381}, {0x7383,0x7383}, {0x7384,0x7384}, {0x7385,0x7385},
    {0x7386,0x7386}, {0x7387,0x7387}, {0x7388,0x7388}, {0x7389,0x7389}, {0x738B,0x738B}, {0x738D,0x738D}, {0x738E,0x738E}, {0x7393,0x7393},
    {0x7394,0x7394}, {0x7395,0x7395}, {0x7396,0x7396}, {0x7397,0x7397}, {0x7398,0x7398}, {0x739E,0x739E}, {0x739F,0x739F}, {0x73A0,0x73A0},
    {0x73A1,0x73A1}, {0x73A2,0x73A2}, {0x73A4,0x73A4}, {0x73A5,0x73A5}, {0x73A6,0x73A6}, {0x73A8,0x73CF}, {0x73A9,0x73A9}, {0x73AB,0x73AB},
    {0x73AD,0x73AD}, {0x73B2,0x73B2}, {0x73B3,0x73B3}, {0x73B6,0x73B6}, {0x73B7,0x73B7}, {0x73B9,0x73B9}, {0x73BB,0x73BB}, {0x73BC,0x73BC},
    {0x73C0,0x73C0}, {0x73C2,0x73C2}, {0x73C5,0x73C5}, {0x73C7,0x73C7}, {0x73C8,0x73C8}, {0x73C9,0x73C9}, {0x73CA,0x73CA}, {0x73CC,0x73CC},
    {0x73CD,0x73CD}, {0x73D3,0x73D3}, {0x73D4,0x73D4}, {0x73D6,0x73D6}, {0x73D9,0x73D9}, {0x73DB,0x73DB}, {0x73DE,0x73DE}, {0x73E0,0x73E0},
    {0x73E1,0x73E1}, {0x73E3,0x73E3}, {0x73E5,0x73E5}, {0x73E7,0x73E7}, {0x73E9,0x73E9}, {0x73EA,0x73EA}, {0x73ED,0x73ED}, {0x73EE,0x4F69},
    {0x73F6,0x73F6}, {0x73F7,0x73F7}, {0x73FA,0x73FA}, {0x73FD,0x73FD}, {0x73FE,0x73B0}, {0x7400,0x7400}, {0x7401,0x7401}, {0x7403,0x7403},
    {0x7405,0x7405}, {0x7406,0x7406}, {0x7407,0x7407}, {0x7409,0x7409}, {0x740A,0x73A1}, {0x7416,0x7416}, {0x741A,0x741A}, {0x741B,0x741B},
    {0x7420,0x7420}, {0x7422,0x7422}, {0x7424,0x7424}, {0x7425,0x7425}, {0x7426,0x7426}, {0x7428,0x7428}, {0x742A,0x742A}, {0x742B,0x742B},
    {0x742C,0x742C}, {0x742D,0x742D}, {0x742E,0x742E}, {0x742F,0x742F}, {0x7430,0x7430}, {0x7431,0x7431}, {0x7432,0x7432}, {0x7433,0x7433},
    {0x7434,0x7434}, {0x7435,0x7435}, {0x7436,0x7436}, {0x7439,0x7434}, {0x743A,0x73D0}, {0x743F,0x73F2}, {0x7440,0x7440}, {0x7441,0x7441},
    {0x7442,0x7442}, {0x7444,0x7444}, {0x7449,0x7449}, {0x744B,0x73AE}, {0x7451,0x7451}, {0x7454,0x7454}, {0x7455,0x7455}, {0x7457,0x7457},
    {0x7459,0x7459}, {0x745A,0x745A}, {0x745B,0x745B}, {0x745C,0x745C}, {0x745E,0x745E}, {0x745F,0x745F}, {0x7462,0x7462}, {0x7463,0x7410},
    {0x7464,0x7476}, {0x7469,0x83B9}, {0x746A,0x739B}, {0x746D,0x746D}, {0x746F,0x7405}, {0x7470,0x7470}, {0x7471,0x7471}, {0x7472,0x7472},
    {0x7473,0x7473}, {0x747D,0x747D}, {0x747E,0x747E}, {0x747F,0x747F}, {0x7480,0x7480}, {0x7481,0x7481}, {0x7483,0x7483}, {0x7485,0x7485},
    {0x7486,0x7486}, {0x7487,0x7487}, {0x7488,0x7488}, {0x7489,0x740F}, {0x748A,0x748A}, {0x748B,0x748B}, {0x7490,0x7490}, {0x7498,0x7498},
    {0x749A,0x749A}, {0x749C,0x749C}, {0x749D,0x749D}, {0x749E,0x749E}, {0x749F,0x749F}, {0x74A0,0x74A0}, {0x74A1,0x74A1}, {0x74A3,0x7391},
    {0x74A5,0x74A5}, {0x74A6,0x7477}, {0x74A7,0x74A7}, {0x74A8,0x74A8}, {0x74A9,0x74A9}, {0x74AA,0x74AA}, {0x74AB,0x74AB}, {0x74AF,0x74AF},
    {0x74B0,0x73AF}, {0x74B2,0x74B2}, {0x74B5,0x7399}, {0x74B8,0x74B8}, {0x74BA,0x74BA}, {0x74BD,0x73BA}, {0x74BF,0x74BF}, {0x74C0,0x74C0},
    {0x74C5,0x74C5}, {0x74CA,0x743C}, {0x74CF,0x73D1}, {0x74D4,0x748E}, {0x74D6,0x74D6}, {0x74D8,0x74D8}, {0x74DA,0x74D2}, {0x74DB,0x74DB},
    {0x74DC,0x74DC}, {0x74DE,0x74DE}, {0x74E0,0x74E0}, {0x74E2,0x74E2}, {0x74E3,0x74E3}, {0x74E4,0x74E4}, {0x74E6,0x74E6}, {0x74E7,0x74E7},
    {0x74E9,0x74E9}, {0x74EE,0x74EE}, {0x74F0,0x74F0}, {0x74F1,0x74F1}, {0x74F4,0x74F4}, {0x74F6,0x74F6}, {0x74F7,0x74F7}, {0x74F8,0x74F8},
    {0x74FB,0x74FB}, {0x74FC,0x74FC}, {0x74FF,0x74FF}, {0x7500,0x7500}, {0x7501,0x7501}, {0x7503,0x7503}, {0x7504,0x7504}, {0x7507,0x7507},
    {0x750B,0x750B}, {0x750C,0x74EF}, {0x750D,0x750D}, {0x750E,0x750E}, {0x750F,0x750F}, {0x7511,0x7511}, {0x7512,0x7512}, {0x7513,0x7513},
    {0x7514,0x7514}, {0x7515,0x74EE}, {0x7516,0x7516}, {0x7517,0x7517}, {0x7518,0x7518}, {0x7519,0x7519}, {0x751A,0x751A}, {0x751C,0x751C},
    {0x751F,0x751F}, {0x7521,0x7521}, {0x7522,0x4EA7}, {0x7523,0x7523}, {0x7525,0x7525}, {0x7526,0x82CF}, {0x7528,0x7528}, {0x7529,0x7529},
    {0x752A,0x752A}, {0x752B,0x752B}, {0x752C,0x752C}, {0x752D,0x752D}, {0x752E,0x752E}, {0x752F,0x5B81}, {0x7530,0x7530}, {0x7531,0x7531},
    {0x7532,0x7532}, {0x7533,0x7533}, {0x7534,0x7534}, {0x7537,0x7537}, {0x7538,0x7538}, {0x7539,0x7539}, {0x753A,0x753A}, {0x753D,0x753D},
    {0x753E,0x753E}, {0x753F,0x753F}, {0x7540,0x7540}, {0x7541,0x7541}, {0x7547,0x7547}, {0x7548,0x7548}, {0x754A,0x754A}, {0x754B,0x754B},
    {0x754C,0x754C}, {0x754E,0x754E}, {0x754F,0x754F}, {0x7551,0x7551}, {0x7553,0x7553}, {0x7554,0x7554}, {0x7559,0x7559}, {0x755A,0x755A},
    {0x755B,0x755B}, {0x755C,0x755C}, {0x755D,0x4EA9}, {0x755F,0x755F}, {0x7562,0x6BD5}, {0x7564,0x7564}, {0x7565,0x7565}, {0x7566,0x7566},
    {0x7567,0x7567}, {0x756A,0x756A}, {0x756B,0x753B}, {0x756C,0x7572}, {0x756F,0x756F}, {0x7570,0x5F02}, {0x7573,0x7573}, {0x7575,0x7575},
    {0x7576,0x5F53}, {0x7577,0x7577}, {0x7578,0x7578}, {0x7579,0x7579}, {0x757D,0x757D}, {0x757E,0x757E}, {0x757F,0x757F}, {0x7583,0x7583},
    {0x7586,0x7586}, {0x7587,0x7574}, {0x7589,0x53E0}, {0x758A,0x53E0}, {0x758B,0x758B}, {0x758D,0x758D}, {0x758E,0x758E}, {0x758F,0x758F},
    {0x7590,0x7590}, {0x7591,0x7591}, {0x7592,0x7592}, {0x7594,0x7594}, {0x7595,0x7595}, {0x7598,0x7598}, {0x7599,0x7599}, {0x759A,0x759A},
    {0x759D,0x759D}, {0x75A2,0x75A2}, {0x75A3,0x75A3}, {0x75A4,0x75A4}, {0x75A5,0x75A5}, {0x75A7,0x75A7}, {0x75AB,0x75AB}, {0x75B2,0x75B2},
    {0x75B3,0x75B3}, {0x75B5,0x75B5}, {0x75B6,0x75B6}, {0x75B8,0x75B8}, {0x75B9,0x75B9}, {0x75BC,0x75BC}, {0x75BD,0x75BD}, {0x75BE,0x75BE},
    {0x75BF,0x75BF}, {0x75C1,0x75C1}, {0x75C2,0x75C2}, {0x75C4,0x75C4}, {0x75C5,0x75C5}, {0x75C7,0x75C7}, {0x75CA,0x75CA}, {0x75CC,0x75CC},
    {0x75CD,0x75CD}, {0x75CF,0x75CF}, {0x75D0,0x75D0}, {0x75D2,0x75D2}, {0x75D4,0x75D4}, {0x75D5,0x75D5}, {0x75D7,0x75D7}, {0x75D8,0x75D8},
    {0x75D9,0x75C9}, {0x75DA,0x75DA}, {0x75DB,0x75DB}, {0x75DE,0x75DE}, {0x75E0,0x75E0}, {0x75E1,0x75E1}, {0x75E2,0x75E2}, {0x75E3,0x75E3},
    {0x75E4,0x75E4}, {0x75E6,0x75E6}, {0x75E7,0x75E7}, {0x75E9,0x75E9}, {0x75ED,0x75ED}, {0x75EF,0x75EF}, {0x75F0,0x75F0}, {0x75F1,0x75F1},
    {0x75F2,0x75F2}, {0x75F3,0x75F3}, {0x75F4,0x75F4}, {0x75F5,0x75F5}, {0x75FA,0x75F9}, {0x75FB,0x75FB}, {0x75FC,0x75FC}, {0x75FE,0x75B4},
    {0x75FF,0x75FF}, {0x7600,0x7600}, {0x7601,0x7601}, {0x7602,0x75D6}, {0x7603,0x7603}, {0x7608,0x7608}, {0x7609,0x7609}, {0x760A,0x760A},
    {0x760B,0x75AF}, {0x760C,0x760C}, {0x760D,0x75A1}, {0x760F,0x760F}, {0x7610,0x7610}, {0x7613,0x75EA}, {0x7615,0x7615}, {0x7616,0x7616},
    {0x7619,0x7619}, {0x761A,0x761A}, {0x761B,0x761B}, {0x761C,0x761C}, {0x761D,0x761D}, {0x761E,0x7617}, {0x761F,0x761F}, {0x7620,0x7620},
    {0x7621,0x75AE}, {0x7622,0x7622}, {0x7624,0x7624}, {0x7625,0x7625}, {0x7626,0x7626}, {0x7627,0x759F}, {0x7628,0x7628}, {0x7629,0x7629},
    {0x762D,0x762D}, {0x762E,0x7606}, {0x762F,0x762F}, {0x7630,0x7630}, {0x7632,0x75AD}, {0x7633,0x7633}, {0x7634,0x7634}, {0x7635,0x7635},
    {0x7638,0x7638}, {0x763A,0x763A}, {0x763B,0x7618}, {0x763C,0x763C}, {0x7642,0x7597}, {0x7643,0x7643}, {0x7646,0x75E8}, {0x7647,0x75EB},
    {0x7648,0x7648}, {0x7649,0x7605}, {0x764C,0x764C}, {0x764E,0x764E}, {0x7650,0x7650}, {0x7652,0x6108}, {0x7654,0x7654}, {0x7656,0x7656},
    {0x7658,0x75A0}, {0x7659,0x7659}, {0x765C,0x765C}, {0x765F,0x762A}, {0x7660,0x7660}, {0x7661,0x75F4}, {0x7662,0x75D2}, {0x7664,0x7596},
    {0x7665,0x75C7}, {0x7667,0x75AC}, {0x7669,0x765E}, {0x766A,0x766A}, {0x766C,0x7663}, {0x766D,0x763F}, {0x766E,0x763E}, {0x766F,0x766F},
    {0x7670,0x75C8}, {0x7671,0x762B}, {0x7672,0x766B}, {0x7678,0x7678}, {0x767A,0x767A}, {0x767B,0x767B}, {0x767C,0x53D1}, {0x767D,0x767D},
    {0x767E,0x767E}, {0x7680,0x7680}, {0x7681,0x7681}, {0x7682,0x7682}, {0x7683,0x7683}, {0x7684,0x7684}, {0x7686,0x7686}, {0x7687,0x7687},
    {0x7688,0x7688}, {0x768B,0x768B}, {0x768C,0x768C}, {0x768E,0x768E}, {0x7690,0x768B}, {0x7692,0x7692}, {0x7693,0x7693}, {0x7695,0x7695},
    {0x7696,0x7696}, {0x7698,0x7698}, {0x7699,0x7699}, {0x769A,0x7691}, {0x769C,0x769C}, {0x769D,0x769D}, {0x769E,0x769E}, {0x76A4,0x76A4},
    {0x76A6,0x76A6}, {0x76A8,0x76A8}, {0x76AA,0x76AA}, {0x76AB,0x76AB}, {0x76AD,0x76AD}, {0x76AE,0x76AE}, {0x76B0,0x75B1}, {0x76B4,0x76B4},
    {0x76B8,0x76B2}, {0x76BA,0x76B1}, {0x76BB,0x76BB}, {0x76BD,0x76BD}, {0x76BF,0x76BF}, {0x76C2,0x76C2}, {0x76C3,0x676F}, {0x76C5,0x76C5},
    {0x76C6,0x76C6}, {0x76C8,0x76C8}, {0x76CA,0x76CA}, {0x76CB,0x76CB}, {0x76CC,0x7897}, {0x76CD,0x76CD}, {0x76CE,0x76CE}, {0x76D2,0x76D2},
    {0x76D4,0x76D4}, {0x76DA,0x76DA}, {0x76DB,0x76DB}, {0x76DC,0x76D7}, {0x76DD,0x76DD}, {0x76DE,0x76CF}, {0x76DF,0x76DF}, {0x76E1,0x5C3D},
    {0x76E3,0x76D1}, {0x76E4,0x76D8}, {0x76E5,0x76E5}, {0x76E6,0x76E6}, {0x76E7,0x5362}, {0x76E9,0x76E9}, {0x76EA,0x8361}, {0x76EC,0x76EC},
    {0x76ED,0x76ED}, {0x76EE,0x76EE}, {0x76EF,0x76EF}, {0x76F1,0x76F1}, {0x76F2,0x76F2}, {0x76F4,0x76F4}, {0x76F5,0x76F5}, {0x76F8,0x76F8},
    {0x76F9,0x76F9}, {0x76FB,0x76FB}, {0x76FC,0x76FC}, {0x76FE,0x76FE}, {0x7701,0x7701}, {0x7702,0x7702}, {0x7704,0x7704}, {0x7705,0x7705},
    {0x7707,0x7707}, {0x7708,0x7708}, {0x7709,0x7709}, {0x770A,0x770A}, {0x770B,0x770B}, {0x770C,0x770C}, {0x7711,0x7711}, {0x7715,0x7715},
    {0x7719,0x7719}, {0x771A,0x771A}, {0x771B,0x771B}, {0x771E,0x771E}, {0x771F,0x771F}, {0x7720,0x7720}, {0x7722,0x7722}, {0x7723,0x7723},
    {0x7725,0x7726}, {0x7726,0x7726}, {0x7728,0x7728}, {0x7729,0x7729}, {0x772D,0x772D}, {0x772F,0x772F}, {0x7733,0x7733}, {0x7734,0x7734},
    {0x7735,0x7735}, {0x7736,0x7736}, {0x7737,0x7737}, {0x7738,0x7738}, {0x7739,0x7739}, {0x773A,0x773A}, {0x773C,0x773C}, {0x773D,0x773D},
    {0x773E,0x4F17}, {0x7743,0x7743}, {0x7745,0x7745}, {0x7746,0x7746}, {0x7747,0x7747}, {0x774A,0x774A}, {0x774D,0x774D}, {0x774E,0x774E},
    {0x774F,0x56F0}, {0x7752,0x7752}, {0x7756,0x7756}, {0x7759,0x7759}, {0x775A,0x775A}, {0x775B,0x775B}, {0x775C,0x7741}, {0x775E,0x7750},
    {0x775F,0x775F}, {0x7760,0x7760}, {0x7761,0x7761}, {0x7762,0x7762}, {0x7763,0x7763}, {0x7765,0x7765}, {0x7766,0x7766}, {0x7768,0x7768},
    {0x776A,0x777E}, {0x776B,0x776B}, {0x776C,0x776C}, {0x776F,0x776F}, {0x7779,0x7779}, {0x777A,0x5589}, {0x777D,0x777D}, {0x777E,0x777E},
    {0x777F,0x777F}, {0x7780,0x7780}, {0x7784,0x7784}, {0x7785,0x7785}, {0x7787,0x772F}, {0x7788,0x7788}, {0x778B,0x778B}, {0x778C,0x778C},
    {0x778D,0x778D}, {0x778E,0x778E}, {0x778F,0x778F}, {0x7791,0x7791}, {0x7793,0x7793}, {0x7795,0x7795}, {0x7796,0x7796}, {0x7798,0x770D},
    {0x779C,0x4056}, {0x779E,0x7792}, {0x779F,0x779F}, {0x77A0,0x77A0}, {0x77A2,0x77A2}, {0x77A4,0x77A4}, {0x77A5,0x77A5}, {0x77A7,0x77A7},
    {0x77AA,0x77AA}, {0x77AB,0x77AB}, {0x77AC,0x77AC}, {0x77AD,0x77AD}, {0x77B0,0x77B0}, {0x77B3,0x77B3}, {0x77B5,0x77B5}, {0x77B7,0x77B7},
    {0x77B9,0x77B9}, {0x77BB,0x77BB}, {0x77BC,0x7751}, {0x77BD,0x77BD}, {0x77BF,0x77BF}, {0x77C7,0x8499}, {0x77C9,0x77C9}, {0x77CD,0x77CD},
    {0x77D3,0x772C}, {0x77D4,0x77D4}, {0x77D7,0x77D7}, {0x77D9,0x77D9}, {0x77DA,0x77A9}, {0x77DB,0x77DB}, {0x77DC,0x77DC}, {0x77DE,0x77DE},
    {0x77DF,0x77DF}, {0x77E0,0x77E0}, {0x77E2,0x77E2}, {0x77E3,0x77E3}, {0x77E5,0x77E5}, {0x77E7,0x77E7}, {0x77E9,0x77E9}, {0x77EC,0x77EC},
    {0x77ED,0x77ED}, {0x77EE,0x77EE}, {0x77EF,0x77EB}, {0x77F0,0x77F0}, {0x77F1,0x77F1}, {0x77F3,0x77F3}, {0x77F8,0x77F8}, {0x77FB,0x77FB},
    {0x77FC,0x77FC}, {0x77FD,0x77FD}, {0x7802,0x7802}, {0x7803,0x7803}, {0x7805,0x7805}, {0x7806,0x7806}, {0x7809,0x7809}, {0x780C,0x780C},
    {0x780D,0x780D}, {0x7811,0x7811}, {0x7812,0x7812}, {0x7814,0x7814}, {0x7815,0x7815}, {0x781D,0x781D}, {0x781F,0x781F}, {0x7820,0x7820},
    {0x7822,0x7822}, {0x7823,0x7823}, {0x7825,0x7825}, {0x7826,0x7826}, {0x7827,0x7827}, {0x7829,0x7829}, {0x782B,0x782B}, {0x782C,0x782C},
    {0x782D,0x782D}, {0x782E,0x782E}, {0x7830,0x7830}, {0x7832,0x70AE}, {0x7833,0x7833}, {0x7834,0x7834}, {0x7835,0x7835}, {0x7837,0x7837},
    {0x7838,0x7838}, {0x7839,0x7839}, {0x783C,0x783C}, {0x7843,0x6731}, {0x7845,0x7845}, {0x7847,0x7847}, {0x784C,0x784C}, {0x784D,0x784D},
    {0x784E,0x784E}, {0x784F,0x784F}, {0x7850,0x7850}, {0x7852,0x7852}, {0x785C,0x785C}, {0x785D,0x785D}, {0x7864,0x7856}, {0x7868,0x7817},
    {0x786A,0x786A}, {0x786B,0x786B}, {0x786C,0x786C}, {0x786D,0x786D}, {0x786E,0x786E}, {0x786F,0x781A}, {0x787B,0x787B}, {0x787C,0x787C},
    {0x787E,0x787E}, {0x7881,0x7881}, {0x7883,0x7883}, {0x7887,0x7887}, {0x7889,0x7889}, {0x788C,0x788C}, {0x788E,0x788E}, {0x788F,0x788F},
    {0x7891,0x7891}, {0x7893,0x7893}, {0x7894,0x7894}, {0x7897,0x7897}, {0x7898,0x7898}, {0x789A,0x789A}, {0x789E,0x789E}, {0x789F,0x789F},
    {0x78A1,0x78A1}, {0x78A3,0x78A3}, {0x78A7,0x78A7}, {0x78A9,0x7855}, {0x78AA,0x78AA}, {0x78AB,0x78AB}, {0x78AC,0x78AC}, {0x78AD,0x7800},
    {0x78AF,0x78AF}, {0x78B0,0x78B0}, {0x78B2,0x78B2}, {0x78B3,0x78B3}, {0x78B4,0x78B4}, {0x78B8,0x781C}, {0x78BA,0x786E}, {0x78BB,0x78BB},
    {0x78BC,0x7801}, {0x78BE,0x78BE}, {0x78C1,0x78C1}, {0x78C5,0x78C5}, {0x78C8,0x78C8}, {0x78C9,0x78C9}, {0x78CA,0x78CA}, {0x78CB,0x78CB},
    {0x78CE,0x78CE}, {0x78D0,0x78D0}, {0x78D1,0x7859}, {0x78D4,0x78D4}, {0x78D5,0x78D5}, {0x78D6,0x78D6}, {0x78D9,0x78D9}, {0x78DA,0x7816},
    {0x78DB,0x78DB}, {0x78DF,0x78DF}, {0x78E0,0x78E0}, {0x78E1,0x78E1}, {0x78E3,0x789C}, {0x78E4,0x78E4}, {0x78E5,0x78E5}, {0x78E7,0x789B},
    {0x78E8,0x78E8}, {0x78EA,0x78EA}, {0x78EC,0x78EC}, {0x78EF,0x77F6}, {0x78F2,0x78F2}, {0x78F4,0x78F4}, {0x78F5,0x78F5}, {0x78F7,0x78F7},
    {0x78F9,0x78F9}, {0x78FA,0x78FA}, {0x78FB,0x78FB}, {0x78FD,0x7857}, {0x7900,0x7900}, {0x7901,0x7901}, {0x7904,0x785A}, {0x7905,0x7905},
    {0x7906,0x7877}, {0x790C,0x790C}, {0x790E,0x7840}, {0x7910,0x7910}, {0x7913,0x7913}, {0x7919,0x788D}, {0x791A,0x791A}, {0x791C,0x791C},
    {0x791E,0x791E}, {0x7921,0x7934}, {0x7924,0x7924}, {0x7926,0x77FF}, {0x7927,0x7927}, {0x792A,0x783A}, {0x792B,0x783E}, {0x792C,0x77FE},
    {0x792E,0x792E}, {0x7931,0x783B}, {0x7932,0x7932}, {0x7935,0x7935}, {0x793A,0x793A}, {0x793D,0x793D}, {0x793E,0x793E}, {0x793F,0x793F},
    {0x7940,0x7940}, {0x7941,0x7941}, {0x7942,0x7942}, {0x7944,0x7944}, {0x7945,0x7945}, {0x7946,0x7946}, {0x7947,0x7947}, {0x7948,0x7948},
    {0x7949,0x7949}, {0x794A,0x794A}, {0x794D,0x794D}, {0x794F,0x794F}, {0x7950,0x7950}, {0x7953,0x7953}, {0x7954,0x7954}, {0x7955,0x7955},
    {0x7956,0x7956}, {0x7957,0x7957}, {0x7958,0x7958}, {0x795A,0x795A}, {0x795B,0x795B}, {0x795C,0x795C}, {0x795D,0x795D}, {0x795E,0x795E},
    {0x795F,0x795F}, {0x7960,0x7960}, {0x7965,0x7965}, {0x7967,0x7967}, {0x7968,0x7968}, {0x796B,0x796B}, {0x796D,0x796D}, {0x7972,0x7972},
    {0x797A,0x797A}, {0x797B,0x797B}, {0x797C,0x797C}, {0x797F,0x7984}, {0x7981,0x7981}, {0x7982,0x7982}, {0x7987,0x7987}, {0x798A,0x798A},
    {0x798B,0x798B}, {0x798D,0x7978}, {0x798E,0x796F}, {0x798F,0x798F}, {0x7991,0x7966}, {0x7994,0x7994}, {0x7995,0x794E}, {0x7996,0x7996},
    {0x7998,0x7998}, {0x799A,0x799A}, {0x799B,0x799B}, {0x799C,0x799C}, {0x799D,0x799D}, {0x79A0,0x79A0}, {0x79A1,0x7943}, {0x79A2,0x79A2},
    {0x79A4,0x79A4}, {0x79A5,0x79A5}, {0x79A6,0x5FA1}, {0x79A7,0x79A7}, {0x79A8,0x79A8}, {0x79AA,0x7985}, {0x79AB,0x79AB}, {0x79AE,0x793C},
    {0x79B0,0x7962}, {0x79B1,0x7977}, {0x79B3,0x79B3}, {0x79B4,0x79B4}, {0x79B8,0x79B8}, {0x79B9,0x79B9}, {0x79BA,0x79BA}, {0x79BB,0x79BB},
    {0x79BD,0x79BD}, {0x79BE,0x79BE}, {0x79BF,0x79C3}, {0x79C0,0x79C0}, {0x79C1,0x79C1}, {0x79C8,0x79C8}, {0x79C9,0x79C9}, {0x79CA,0x79CA},
    {0x79CB,0x79CB}, {0x79CC,0x79CB}, {0x79CF,0x79CF}, {0x79D1,0x79D1}, {0x79D2,0x79D2}, {0x79D5,0x79D5}, {0x79D8,0x79D8}, {0x79DF,0x79DF},
    {0x79E0,0x79E0}, {0x79E3,0x79E3}, {0x79E4,0x79E4}, {0x79E6,0x79E6}, {0x79E7,0x79E7}, {0x79E9,0x79E9}, {0x79EA,0x79EA}, {0x79EB,0x79EB},
    {0x79EC,0x79EC}, {0x79ED,0x79ED}, {0x79F7,0x79F7}, {0x79F8,0x79F8}, {0x79FB,0x79FB}, {0x7A00,0x7A00}, {0x7A02,0x7A02}, {0x7A03,0x7A03},
    {0x7A05,0x7A0E}, {0x7A08,0x79C6}, {0x7A0A,0x7A0A}, {0x7A0B,0x7A0B}, {0x7A0C,0x7A0C}, {0x7A0D,0x7A0D}, {0x7A11,0x7A11}, {0x7A14,0x7A14},
    {0x7A17,0x7A17}, {0x7A19,0x7A19}, {0x7A1A,0x7A1A}, {0x7A1B,0x7A1B}, {0x7A1C,0x68F1}, {0x7A1E,0x7A1E}, {0x7A1F,0x7980}, {0x7A20,0x7A20},
    {0x7A2C,0x7A2C}, {0x7A2D,0x79F8}, {0x7A2E,0x79CD}, {0x7A31,0x79F0}, {0x7A32,0x7A32}, {0x7A37,0x7A37}, {0x7A39,0x7A39}, {0x7A3B,0x7A3B},
    {0x7A3C,0x7A3C}, {0x7A3D,0x7A3D}, {0x7A3E,0x7A3F}, {0x7A3F,0x7A3F}, {0x7A40,0x8C37}, {0x7A42,0x7A42}, {0x7A44,0x7A44}, {0x7A46,0x7A46},
    {0x7A47,0x7A47}, {0x7A48,0x7A48}, {0x7A49,0x7A49}, {0x7A4B,0x7A4B}, {0x7A4C,0x7A23}, {0x7A4D,0x79EF}, {0x7A4E,0x9896}, {0x7A4F,0x7A4F},
    {0x7A57,0x7A57}, {0x7A5C,0x7A5C}, {0x7A5F,0x7A5F}, {0x7A60,0x79FE}, {0x7A61,0x7A51}, {0x7A62,0x79FD}, {0x7A63,0x7A63}, {0x7A64,0x7A64},
    {0x7A67,0x7A67}, {0x7A68,0x7A68}, {0x7A69,0x7A33}, {0x7A6B,0x83B7}, {0x7A6D,0x7A6D}, {0x7A6E,0x7A6E}, {0x7A70,0x7A70}, {0x7A74,0x7A74},
    {0x7A75,0x7A75}, {0x7A76,0x7A76}, {0x7A78,0x7A78}, {0x7A79,0x7A79}, {0x7A7A,0x7A7A}, {0x7A7F,0x7A7F}, {0x7A80,0x7A80}, {0x7A81,0x7A81},
    {0x7A82,0x7A82}, {0x7A84,0x7A84}, {0x7A85,0x7A85}, {0x7A86,0x7A86}, {0x7A88,0x7A88}, {0x7A8A,0x7A8A}, {0x7A8B,0x7A8B}, {0x7A8C,0x7A8C},
    {0x7A92,0x7A92}, {0x7A93,0x7A97}, {0x7A94,0x7A94}, {0x7A95,0x7A95}, {0x7A96,0x7A96}, {0x7A97,0x7A97}, {0x7A98,0x7A98}, {0x7A9E,0x7A9E},
    {0x7A9F,0x7A9F}, {0x7AA0,0x7AA0}, {0x7AA3,0x7AA3}, {0x7AA8,0x7AA8}, {0x7AA9,0x7A9D}, {0x7AAA,0x6D3C}, {0x7AAC,0x7AAC}, {0x7AAE,0x7A77},
    {0x7AAF,0x7A91}, {0x7AB0,0x7A91}, {0x7AB3,0x7AB3}, {0x7AB4,0x7AB4}, {0x7AB5,0x7AB5}, {0x7AB6,0x7AAD}, {0x7AB8,0x7AB8}, {0x7ABA,0x7AA5},
    {0x7ABB,0x7A97}, {0x7ABE,0x7ABE}, {0x7ABF,0x7ABF}, {0x7AC1,0x7AC1}, {0x7AC3,0x7AC3}, {0x7AC4,0x7A9C}, {0x7AC5,0x7A8D}, {0x7AC7,0x7AA6},
    {0x7AC8,0x7AC8}, {0x7ACA,0x7A83}, {0x7ACB,0x7ACB}, {0x7AD1,0x7AD1}, {0x7AD9,0x7AD9}, {0x7ADC,0x7ADC}, {0x7ADD,0x5E76}, {0x7ADF,0x7ADF},
    {0x7AE0,0x7AE0}, {0x7AE3,0x7AE3}, {0x7AE5,0x7AE5}, {0x7AE6,0x7AE6}, {0x7AEA,0x7AD6}, {0x7AED,0x7AED}, {0x7AEF,0x7AEF}, {0x7AF6,0x7ADE},
    {0x7AF9,0x7AF9}, {0x7AFA,0x7AFA}, {0x7AFD,0x7AFD}, {0x7AFE,0x7AFE}, {0x7AFF,0x7AFF}, {0x7B04,0x7B04}, {0x7B06,0x7B06}, {0x7B08,0x7B08},
    {0x7B09,0x7B09}, {0x7B0A,0x7B0A}, {0x7B0E,0x7B0E}, {0x7B0F,0x7B0F}, {0x7B10,0x7B10}, {0x7B11,0x7B11}, {0x7B13,0x7B13}, {0x7B19,0x7B19},
    {0x7B1B,0x7B1B}, {0x7B1E,0x7B1E}, {0x7B20,0x7B20}, {0x7B24,0x7B24}, {0x7B25,0x7B25}, {0x7B26,0x7B26}, {0x7B28,0x7B28}, {0x7B2A,0x7B2A},
    {0x7B2B,0x7B2B}, {0x7B2C,0x7B2C}, {0x7B2D,0x7B2D}, {0x7B2E,0x7B2E}, {0x7B30,0x7B30}, {0x7B31,0x7B31}, {0x7B32,0x7B32}, {0x7B33,0x7B33},
    {0x7B35,0x7B35}, {0x7B38,0x7B38}, {0x7B3B,0x7B3B}, {0x7B40,0x7B40}, {0x7B45,0x7B45}, {0x7B46,0x7B14}, {0x7B47,0x7B47}, {0x7B48,0x7B48},
    {0x7B49,0x7B49}, {0x7B4A,0x7B4A}, {0x7B4B,0x7B4B}, {0x7B4C,0x7B4C}, {0x7B4D,0x7B0B}, {0x7B4E,0x7B4E}, {0x7B4F,0x7B4F}, {0x7B50,0x7B50},
    {0x7B51,0x7B51}, {0x7B52,0x7B52}, {0x7B54,0x7B54}, {0x7B56,0x7B56}, {0x7B58,0x7B58}, {0x7B60,0x7B60}, {0x7B64,0x7B64}, {0x7B65,0x7B65},
    {0x7B66,0x7B66}, {0x7B67,0x7B15}, {0x7B69,0x7B52}, {0x7B6D,0x7B6D}, {0x7B6E,0x7B6E}, {0x7B6F,0x7BB8}, {0x7B70,0x7B70}, {0x7B71,0x7B71},
    {0x7B72,0x7B72}, {0x7B73,0x7B73}, {0x7B74,0x7B74}, {0x7B75,0x7B75}, {0x7B77,0x7B77}, {0x7B78,0x7B78}, {0x7B82,0x7B82}, {0x7B87,0x4E2A},
    {0x7B8A,0x7B8A}, {0x7B8B,0x7B3A}, {0x7B8D,0x7B8D}, {0x7B8E,0x7B8E}, {0x7B8F,0x7B5D}, {0x7B90,0x7B90}, {0x7B91,0x7B91}, {0x7B92,0x7B92},
    {0x7B94,0x7B94}, {0x7B95,0x7B95}, {0x7B97,0x7B97}, {0x7B98,0x7B98}, {0x7B99,0x7B99}, {0x7B9B,0x7B9B}, {0x7B9C,0x7B9C}, {0x7B9D,0x7B9D},
    {0x7BA0,0x7BA0}, {0x7BA1,0x7BA1}, {0x7BAC,0x7BAC}, {0x7BAD,0x7BAD}, {0x7BAF,0x7BAF}, {0x7BB1,0x7BB1}, {0x7BB4,0x7BB4}, {0x7BB8,0x7BB8},
    {0x7BBE,0x7BBE}, {0x7BC0,0x8282}, {0x7BC1,0x7BC1}, {0x7BC4,0x8303}, {0x7BC6,0x7BC6}, {0x7BC7,0x7BC7}, {0x7BC9,0x7B51}, {0x7BCB,0x7BA7},
    {0x7BCC,0x7BCC}, {0x7BD4,0x7B7C}, {0x7BD8,0x7BD8}, {0x7BD9,0x7BD9}, {0x7BDA,0x7BDA}, {0x7BDB,0x7BDB}, {0x7BDC,0x7BDC}, {0x7BDD,0x7BDD},
    {0x7BDF,0x7BDF}, {0x7BE0,0x7BE0}, {0x7BE1,0x7BE1}, {0x7BE2,0x7BE2}, {0x7BE4,0x7B03}, {0x7BE5,0x7BE5}, {0x7BE6,0x7BE6}, {0x7BE7,0x7BE7},
    {0x7BE8,0x7BE8}, {0x7BE9,0x7B5B}, {0x7BEA,0x7BEA}, {0x7BED,0x7BED}, {0x7BF0,0x7BF0}, {0x7BF2,0x7BF2}, {0x7BF3,0x7B5A}, {0x7BF4,0x7BF4},
    {0x7BF6,0x7BF6}, {0x7BF7,0x7BF7}, {0x7BF9,0x7BF9}, {0x7BFC,0x7BFC}, {0x7BFE,0x7BFE}, {0x7C00,0x7BA6}, {0x7C01,0x7C01}, {0x7C03,0x7C03},
    {0x7C06,0x7C06}, {0x7C07,0x7C07}, {0x7C09,0x7C09}, {0x7C0B,0x7C0B}, {0x7C0C,0x7C0C}, {0x7C0D,0x7BD3}, {0x7C0F,0x7C0F}, {0x7C11,0x7C11},
    {0x7C1C,0x7C1C}, {0x7C1E,0x7BAA}, {0x7C1F,0x7C1F}, {0x7C20,0x7C20}, {0x7C21,0x7B80}, {0x7C23,0x7BD1}, {0x7C25,0x7C25}, {0x7C26,0x7C26},
    {0x7C27,0x7C27}, {0x7C28,0x7C28}, {0x7C2A,0x7C2A}, {0x7C2B,0x7BAB}, {0x7C2C,0x7C2C}, {0x7C30,0x7C30}, {0x7C37,0x6A90}, {0x7C38,0x7C38},
    {0x7C39,0x7B5C}, {0x7C3B,0x7C3B}, {0x7C3D,0x7B7E}, {0x7C3E,0x5E18}, {0x7C3F,0x7C3F}, {0x7C40,0x7C40}, {0x7C43,0x7BEE}, {0x7C4A,0x7C4A},
    {0x7C4C,0x7B79}, {0x7C4D,0x7C4D}, {0x7C50,0x85E4}, {0x7C52,0x7C52}, {0x7C53,0x7C53}, {0x7C54,0x7C54}, {0x7C56,0x7B7E}, {0x7C59,0x7B93},
    {0x7C5A,0x7C5A}, {0x7C5B,0x7BEF}, {0x7C5C,0x7BA8}, {0x7C5F,0x7C41}, {0x7C60,0x7B3C}, {0x7C63,0x7C63}, {0x7C64,0x7B7E}, {0x7C65,0x7C65},
    {0x7C67,0x7C67}, {0x7C69,0x7B3E}, {0x7C6A,0x7C16}, {0x7C6B,0x7C6B}, {0x7C6C,0x7BF1}, {0x7C6E,0x7BA9}, {0x7C6F,0x7C6F}, {0x7C72,0x5401},
    {0x7C73,0x7C73}, {0x7C75,0x7C75}, {0x7C78,0x7C78}, {0x7C79,0x7C79}, {0x7C7C,0x7C7C}, {0x7C7D,0x7C7D}, {0x7C81,0x7C81}, {0x7C83,0x79D5},
    {0x7C89,0x7C89}, {0x7C8B,0x7C8B}, {0x7C91,0x7C91}, {0x7C92,0x7C92}, {0x7C94,0x7C94}, {0x7C95,0x7C95}, {0x7C97,0x7C97}, {0x7C98,0x7C98},
    {0x7C9B,0x7C9B}, {0x7C9E,0x7C9E}, {0x7C9F,0x7C9F}, {0x7CA2,0x7CA2}, {0x7CA5,0x7CA5}, {0x7CA7,0x7CA7}, {0x7CA8,0x7CA8}, {0x7CB1,0x7CB1},
    {0x7CB2,0x7CB2}, {0x7CB3,0x7CB3}, {0x7CB5,0x7CA4}, {0x7CB9,0x7CB9}, {0x7CBA,0x7A17}, {0x7CBB,0x7CBB}, {0x7CBC,0x7CBC}, {0x7CBD,0x7CBD},
    {0x7CBE,0x7CBE}, {0x7CBF,0x7CBF}, {0x7CC5,0x7CC5}, {0x7CC6,0x7CC6}, {0x7CC8,0x7CC8}, {0x7CCA,0x7CCA}, {0x7CCC,0x7CCC}, {0x7CCD,0x7CCD},
    {0x7CD2,0x7CD2}, {0x7CD4,0x7CD4}, {0x7CD5,0x7CD5}, {0x7CD6,0x7CD6}, {0x7CD7,0x7CD7}, {0x7CD9,0x7CD9}, {0x7CDC,0x7CDC}, {0x7CDD,0x7CC1},
    {0x7CDE,0x7CAA}, {0x7CDF,0x7CDF}, {0x7CE0,0x7CE0}, {0x7CE2,0x7CE2}, {0x7CE7,0x7CAE}, {0x7CE8,0x7CE8}, {0x7CEC,0x7CEC}, {0x7CED,0x7CBD},
    {0x7CEF,0x7CEF}, {0x7CF0,0x56E2}, {0x7CF1,0x7CF1}, {0x7CF2,0x7C9D}, {0x7CF4,0x7C74}, {0x7CF6,0x7C9C}, {0x7CF8,0x7CF8}, {0x7CFA,0x7CFA},
    {0x7CFB,0x7CFB}, {0x7CFE,0x7EA0}, {0x7D00,0x7EAA}, {0x7D02,0x7EA3}, {0x7D03,0x7D03}, {0x7D04,0x7EA6}, {0x7D05,0x7EA2}, {0x7D06,0x7EA1},
    {0x7D07,0x7EA5}, {0x7D08,0x7EA8}, {0x7D09,0x7EAB}, {0x7D0A,0x7D0A}, {0x7D0B,0x7EB9}, {0x7D0D,0x7EB3}, {0x7D10,0x7EBD}, {0x7D11,0x7D11},
    {0x7D13,0x7EBE}, {0x7D14,0x7EAF}, {0x7D15,0x7EB0}, {0x7D17,0x7EB1}, {0x7D18,0x7EAE}, {0x7D19,0x7EB8}, {0x7D1A,0x7EA7}, {0x7D1B,0x7EB7},
    {0x7D1C,0x7EAD}, {0x7D1D,0x7EB4}, {0x7D1E,0x7D1E}, {0x7D1F,0x7D1F}, {0x7D20,0x7D20}, {0x7D21,0x7EBA}, {0x7D22,0x7D22}, {0x7D25,0x624E},
    {0x7D29,0x7D29}, {0x7D2B,0x7D2B}, {0x7D2C,0x7D2C}, {0x7D2E,0x624E}, {0x7D2F,0x7D2F}, {0x7D30,0x7EC6}, {0x7D31,0x7EC2}, {0x7D32,0x7EC1},
    {0x7D33,0x7EC5}, {0x7D35,0x7EBB}, {0x7D39,0x7ECD}, {0x7D3A,0x7EC0}, {0x7D3C,0x7ECB}, {0x7D3D,0x7D3D}, {0x7D3E,0x7D3E}, {0x7D3F,0x7ED0},
    {0x7D40,0x7ECC}, {0x7D41,0x7D41}, {0x7D42,0x7EC8}, {0x7D43,0x7D43}, {0x7D44,0x7EC4}, {0x7D45,0x7D45}, {0x7D46,0x7ECA}, {0x7D4C,0x7D4C},
    {0x7D4D,0x7D4D}, {0x7D4E,0x7ED7}, {0x7D4F,0x7D4F}, {0x7D50,0x7ED3}, {0x7D53,0x7D53}, {0x7D55,0x7EDD}, {0x7D56,0x7D56}, {0x7D58,0x7D58},
    {0x7D5B,0x7EE6}, {0x7D5C,0x7D5C}, {0x7D5D,0x7ED4}, {0x7D5E,0x7EDE}, {0x7D61,0x7EDC}, {0x7D62,0x7EDA}, {0x7D63,0x7D63}, {0x7D66,0x7ED9},
    {0x7D68,0x7ED2}, {0x7D6A,0x7D6A}, {0x7D6B,0x7D6B}, {0x7D6E,0x7D6E}, {0x7D70,0x7D70}, {0x7D71,0x7EDF}, {0x7D72,0x4E1D}, {0x7D73,0x7EDB},
    {0x7D75,0x7D75}, {0x7D76,0x7EDD}, {0x7D79,0x7EE2}, {0x7D7A,0x7D7A}, {0x7D7B,0x7D7B}, {0x7D7F,0x7D7F}, {0x7D80,0x7D80}, {0x7D81,0x7ED1},
    {0x7D83,0x7EE1}, {0x7D85,0x7D85}, {0x7D86,0x7EE0}, {0x7D88,0x7EE8}, {0x7D89,0x7EE3}, {0x7D8C,0x7D8C}, {0x7D8D,0x7D8D}, {0x7D8E,0x7D8E},
    {0x7D8F,0x7EE5}, {0x7D91,0x6346}, {0x7D93,0x7ECF}, {0x7D96,0x7D96}, {0x7D98,0x7D98}, {0x7D99,0x7D99}, {0x7D9A,0x7D9A}, {0x7D9C,0x7EFC},
    {0x7DA0,0x7EFF}, {0x7DA2,0x7EF8}, {0x7DA3,0x7EFB}, {0x7DA6,0x7DA6}, {0x7DAA,0x7DAA}, {0x7DAB,0x7EBF}, {0x7DAC,0x7EF6}, {0x7DAD,0x7EF4},
    {0x7DAE,0x7DAE}, {0x7DAF,0x7DAF}, {0x7DB0,0x7EFE}, {0x7DB1,0x7EB2}, {0x7DB2,0x7F51}, {0x7DB4,0x7F00}, {0x7DB5,0x433D}, {0x7DB7,0x7DB7},
    {0x7DB8,0x7EB6}, {0x7DB9,0x7EFA}, {0x7DBA,0x7EEE}, {0x7DBB,0x7EFD}, {0x7DBD,0x7EF0}, {0x7DBE,0x7EEB}, {0x7DBF,0x7EF5}, {0x7DC1,0x7DC1},
    {0x7DC4,0x7EF2}, {0x7DC5,0x7DC5}, {0x7DC6,0x7DC6}, {0x7DC7,0x7F01}, {0x7DCA,0x7D27}, {0x7DCB,0x7EEF}, {0x7DCC,0x7DCC}, {0x7DCE,0x7DCE},
    {0x7DCF,0x7DCF}, {0x7DD1,0x7DD1}, {0x7DD2,0x7EEA}, {0x7DD4,0x7EF1}, {0x7DD6,0x7DD6}, {0x7DD7,0x7F03}, {0x7DD8,0x7F04}, {0x7DD9,0x7F02},
    {0x7DDA,0x7EBF}, {0x7DDC,0x7EF5}, {0x7DDD,0x7F09}, {0x7DDE,0x7F0E}, {0x7DE0,0x7F14}, {0x7DE1,0x7F17}, {0x7DE3,0x7F18}, {0x7DE4,0x7DE4},
    {0x7DE5,0x8913}, {0x7DE6,0x7F0C}, {0x7DE8,0x7F16}, {0x7DE9,0x7F13}, {0x7DEA,0x7DEA}, {0x7DEC,0x7F05}, {0x7DEF,0x7EAC}, {0x7DF0,0x7DF0},
    {0x7DF1,0x7F11}, {0x7DF2,0x7F08}, {0x7DF4,0x7EC3}, {0x7DF6,0x7F0F}, {0x7DF9,0x7F07}, {0x7DFB,0x81F4}, {0x7E01,0x7E01}, {0x7E03,0x7E03},
    {0x7E04,0x7E04}, {0x7E08,0x8426}, {0x7E09,0x7F19}, {0x7E0A,0x7F22}, {0x7E0B,0x7F12}, {0x7E0F,0x7E0F}, {0x7E10,0x7EC9}, {0x7E11,0x7F23},
    {0x7E15,0x7E15}, {0x7E17,0x7F1E}, {0x7E1A,0x7E1A}, {0x7E1B,0x7F1A}, {0x7E1D,0x7F1C}, {0x7E1E,0x7F1F}, {0x7E1F,0x7F1B}, {0x7E20,0x7E20},
    {0x7E21,0x7E21}, {0x7E22,0x7E22}, {0x7E23,0x53BF}, {0x7E26,0x7E26}, {0x7E27,0x7EE6}, {0x7E29,0x7E29}, {0x7E2B,0x7F1D}, {0x7E2D,0x7F21},
    {0x7E2E,0x7F29}, {0x7E2F,0x7E2F}, {0x7E30,0x7E30}, {0x7E31,0x7EB5}, {0x7E32,0x7F27}, {0x7E33,0x7E33}, {0x7E34,0x7EA4}, {0x7E35,0x7F26},
    {0x7E36,0x7D77}, {0x7E37,0x7F15}, {0x7E39,0x7F25}, {0x7E3B,0x7E3B}, {0x7E3D,0x603B}, {0x7E3E,0x7EE9}, {0x7E3F,0x7E3F}, {0x7E41,0x7E41},
    {0x7E43,0x7EF7}, {0x7E44,0x7E44}, {0x7E45,0x7F2B}, {0x7E46,0x7F2A}, {0x7E47,0x7E47}, {0x7E48,0x7E48}, {0x7E4A,0x7E4A}, {0x7E4B,0x7E4B},
    {0x7E50,0x7E50}, {0x7E52,0x7F2F}, {0x7E54,0x7EC7}, {0x7E55,0x7F2E}, {0x7E56,0x7E56}, {0x7E58,0x7E58}, {0x7E59,0x7E59}, {0x7E5A,0x7F2D},
    {0x7E5E,0x7ED5}, {0x7E60,0x7E60}, {0x7E61,0x7EE3}, {0x7E62,0x7F0B}, {0x7E63,0x7E63}, {0x7E68,0x7E68}, {0x7E69,0x7EF3}, {0x7E6A,0x7ED8},
    {0x7E6B,0x7CFB}, {0x7E6D,0x8327}, {0x7E6E,0x7F30}, {0x7E6F,0x7F33}, {0x7E70,0x7F32}, {0x7E73,0x7F34}, {0x7E78,0x7E78}, {0x7E79,0x7ECE},
    {0x7E7B,0x7E7B}, {0x7E7C,0x7EE7}, {0x7E7D,0x7F24}, {0x7E7E,0x7F31}, {0x7E81,0x7E81}, {0x7E82,0x7E82}, {0x7E86,0x7E86}, {0x7E87,0x7E87},
    {0x7E88,0x7F2C}, {0x7E89,0x7F35}, {0x7E8A,0x7EA9}, {0x7E8C,0x7EED}, {0x7E8D,0x7D2F}, {0x7E8F,0x7F20}, {0x7E91,0x7E91}, {0x7E93,0x7F28},
    {0x7E94,0x624D}, {0x7E95,0x7E95}, {0x7E96,0x7EA4}, {0x7E98,0x7F35}, {0x7E99,0x7E99}, {0x7E9A,0x7E9A}, {0x7E9B,0x7E9B}, {0x7E9C,0x7F06},
    {0x7F36,0x7F36}, {0x7F38,0x7F38}, {0x7F3A,0x7F3A}, {0x7F3D,0x94B5}, {0x7F3E,0x7F3E}, {0x7F43,0x7F43}, {0x7F44,0x7F44}, {0x7F45,0x7F45},
    {0x7F46,0x7F46}, {0x7F48,0x575B}, {0x7F4B,0x7F4B}, {0x7F4C,0x7F42}, {0x7F4D,0x7F4D}, {0x7F4E,0x7F4E}, {0x7F4F,0x7F4F}, {0x7F50,0x7F50},
    {0x7F54,0x7F54}, {0x7F55,0x7F55}, {0x7F56,0x7F56}, {0x7F58,0x7F58}, {0x7F5B,0x7F5B}, {0x7F5D,0x7F5D}, {0x7F5F,0x7F5F}, {0x7F60,0x7F60},
    {0x7F61,0x7F61}, {0x7F63,0x7F63}, {0x7F65,0x7F65}, {0x7F66,0x7F66}, {0x7F68,0x7F68}, {0x7F69,0x7F69}, {0x7F6A,0x7F6A}, {0x7F6B,0x7F6B},
    {0x7F6D,0x7F6D}, {0x7F6E,0x7F6E}, {0x7F70,0x7F5A}, {0x7F72,0x7F72}, {0x7F73,0x7F73}, {0x7F75,0x9A82}, {0x7F76,0x7F76}, {0x7F77,0x7F62},
    {0x7F79,0x7F79}, {0x7F7B,0x7F7B}, {0x7F7D,0x7F7D}, {0x7F7E,0x7F7E}, {0x7F7F,0x7F7F}, {0x7F82,0x7F82}, {0x7F83,0x7F83}, {0x7F85,0x7F57},
    {0x7F86,0x7F74}, {0x7F87,0x7F87}, {0x7F88,0x7F81}, {0x7F8A,0x7F8A}, {0x7F8B,0x8288}, {0x7F8C,0x7F8C}, {0x7F8E,0x7F8E}, {0x7F91,0x7F91},
    {0x7F94,0x7F94}, {0x7F96,0x7F96}, {0x7F97,0x7F8C}, {0x7F9A,0x7F9A}, {0x7F9C,0x7F9C}, {0x7F9D,0x7F9D}, {0x7F9E,0x7F9E}, {0x7FA2,0x7FA2},
    {0x7FA3,0x7FA3}, {0x7FA4,0x7FA4}, {0x7FA5,0x7F9F}, {0x7FA7,0x7FA7}, {0x7FA8,0x7FA1}, {0x7FA9,0x4E49}, {0x7FAD,0x7FAD}, {0x7FAE,0x7FAE},
    {0x7FAF,0x7FAF}, {0x7FB0,0x7FB0}, {0x7FB1,0x7FB1}, {0x7FB2,0x7FB2}, {0x7FB5,0x7FB5}, {0x7FB6,0x7FB6}, {0x7FB8,0x7FB8}, {0x7FB9,0x7FB9},
    {0x7FBC,0x7FBC}, {0x7FBD,0x7FBD}, {0x7FBF,0x7FBF}, {0x7FC0,0x7FC0}, {0x7FC1,0x7FC1}, {0x7FC3,0x7FC3}, {0x7FC4,0x7FC5}, {0x7FC5,0x7FC5},
    {0x7FCA,0x7FCA}, {0x7FCC,0x7FCC}, {0x7FCE,0x7FCE}, {0x7FCF,0x7FCF}, {0x7FD2,0x4E60}, {0x7FD4,0x7FD4}, {0x7FD5,0x7FD5}, {0x7FDB,0x7FDB},
    {0x7FDF,0x7FDF}, {0x7FE0,0x7FE0}, {0x7FE1,0x7FE1}, {0x7FE3,0x7FE3}, {0x7FE5,0x7FE5}, {0x7FE6,0x7FE6}, {0x7FE9,0x7FE9}, {0x7FEA,0x7FEA},
    {0x7FEB,0x7FEB}, {0x7FEC,0x7FDA}, {0x7FEE,0x7FEE}, {0x7FEF,0x7FEF}, {0x7FF0,0x7FF0}, {0x7FF1,0x7FF1}, {0x7FF3,0x7FF3}, {0x7FF9,0x7FD8},
    {0x7FFA,0x7FF1}, {0x7FFB,0x7FFB}, {0x7FFC,0x7FFC}, {0x7FFD,0x7FFD}, {0x7FFE,0x7FFE}, {0x7FFF,0x7FFF}, {0x8000,0x8000}, {0x8001,0x8001},
    {0x8003,0x8003}, {0x8004,0x8004}, {0x8005,0x8005}, {0x8006,0x8006}, {0x8007,0x8007}, {0x800B,0x800B}, {0x800C,0x800C}, {0x800D,0x800D},
    {0x800E,0x800E}, {0x800F,0x800F}, {0x8010,0x8010}, {0x8011,0x4E13}, {0x8012,0x8012}, {0x8014,0x8014}, {0x8015,0x8015}, {0x8017,0x8017},
    {0x8018,0x8018}, {0x8019,0x8019}, {0x801C,0x801C}, {0x801E,0x801E}, {0x8021,0x8021}, {0x8024,0x8024}, {0x8026,0x8026}, {0x8028,0x8028},
    {0x8029,0x8029}, {0x802A,0x802A}, {0x802C,0x8027}, {0x8030,0x8030}, {0x8033,0x8033}, {0x8035,0x8035}, {0x8036,0x8036}, {0x8037,0x8037},
    {0x803D,0x803D}, {0x803F,0x803F}, {0x8043,0x8043}, {0x8046,0x8046}, {0x804A,0x804A}, {0x804E,0x804E}, {0x8052,0x8052}, {0x8056,0x5723},
    {0x8058,0x8058}, {0x805A,0x805A}, {0x805D,0x805D}, {0x805E,0x95FB}, {0x8061,0x8061}, {0x8066,0x8066}, {0x806F,0x8054}, {0x8070,0x806A},
    {0x8071,0x8071}, {0x8072,0x58F0}, {0x8073,0x8038}, {0x8074,0x8074}, {0x8075,0x8069}, {0x8076,0x8042}, {0x8077,0x804C}, {0x8079,0x804D},
    {0x807C,0x807C}, {0x807D,0x542C}, {0x807E,0x804B}, {0x807F,0x807F}, {0x8084,0x8084}, {0x8085,0x8083}, {0x8086,0x8086}, {0x8087,0x8087},
    {0x8088,0x8087}, {0x8089,0x8089}, {0x808B,0x808B}, {0x808C,0x808C}, {0x808F,0x808F}, {0x8090,0x8090}, {0x8093,0x8093}, {0x8095,0x8095},
    {0x8096,0x8096}, {0x8098,0x8098}, {0x8099,0x8099}, {0x809A,0x809A}, {0x809B,0x809B}, {0x809C,0x809C}, {0x809D,0x809D}, {0x809F,0x809F},
    {0x80A1,0x80A1}, {0x80A2,0x80A2}, {0x80A5,0x80A5}, {0x80A7,0x80A7}, {0x80A9,0x80A9}, {0x80AA,0x80AA}, {0x80AB,0x80AB}, {0x80AC,0x80AC},
    {0x80AD,0x80AD}, {0x80AF,0x80AF}, {0x80B0,0x80B0}, {0x80B1,0x80B1}, {0x80B2,0x80B2}, {0x80B4,0x80B4}, {0x80B5,0x80B5}, {0x80B8,0x80B8},
    {0x80BA,0x80BA}, {0x80BC,0x80BC}, {0x80BD,0x80BD}, {0x80C2,0x80C2}, {0x80C3,0x80C3}, {0x80C4,0x80C4}, {0x80CA,0x80CA}, {0x80CC,0x80CC},
    {0x80CD,0x80CD}, {0x80CE,0x80CE}, {0x80CF,0x80CF}, {0x80D1,0x80D1}, {0x80D4,0x80D4}, {0x80D6,0x80D6}, {0x80D7,0x80D7}, {0x80D9,0x80D9},
    {0x80DA,0x80DA}, {0x80DB,0x80DB}, {0x80DD,0x80DD}, {0x80DE,0x80DE}, {0x80E0,0x80E0}, {0x80E1,0x80E1}, {0x80E4,0x80E4}, {0x80E5,0x80E5},
    {0x80E6,0x80E6}, {0x80E9,0x80E9}, {0x80EC,0x80EC}, {0x80ED,0x80ED}, {0x80EF,0x80EF}, {0x80F0,0x80F0}, {0x80F1,0x80F1}, {0x80F2,0x80F2},
    {0x80F3,0x80F3}, {0x80F4,0x80F4}, {0x80F8,0x80F8}, {0x80F9,0x80F9}, {0x80FA,0x80FA}, {0x80FB,0x80FB}, {0x80FC,0x80FC}, {0x80FD,0x80FD},
    {0x80FE,0x80FE}, {0x8102,0x8102}, {0x8105,0x80C1}, {0x8106,0x8106}, {0x8107,0x8107}, {0x8108,0x8109}, {0x810A,0x810A}, {0x8116,0x8116},
    {0x8118,0x8118}, {0x811B,0x80EB}, {0x811D,0x811D}, {0x811E,0x811E}, {0x8121,0x8121}, {0x8122,0x8122}, {0x8123,0x8123}, {0x8124,0x8124},
    {0x8125,0x8125}, {0x8127,0x8127}, {0x8129,0x8129}, {0x812B,0x8131}, {0x812C,0x812C}, {0x812F,0x812F}, {0x8130,0x8130}, {0x8132,0x8132},
    {0x8133,0x8133}, {0x8139,0x80C0}, {0x813E,0x813E}, {0x8146,0x8146}, {0x8148,0x8148}, {0x814A,0x814A}, {0x814B,0x814B}, {0x814C,0x814C},
    {0x814D,0x814D}, {0x814E,0x80BE}, {0x8150,0x8150}, {0x8151,0x8151}, {0x8152,0x8152}, {0x8153,0x8153}, {0x8154,0x8154}, {0x8155,0x8155},
    {0x8156,0x80E8}, {0x815A,0x815A}, {0x815C,0x815C}, {0x8160,0x8160}, {0x8161,0x8136}, {0x8165,0x8165}, {0x8166,0x8111}, {0x8167,0x8167},
    {0x8169,0x8169}, {0x816B,0x80BF}, {0x816C,0x816C}, {0x816E,0x816E}, {0x816F,0x816F}, {0x8170,0x8170}, {0x8171,0x8171}, {0x8173,0x811A},
    {0x8174,0x8174}, {0x8176,0x8176}, {0x8178,0x80A0}, {0x8179,0x8179}, {0x817A,0x817A}, {0x817F,0x817F}, {0x8180,0x8180}, {0x8182,0x8182},
    {0x8183,0x817D}, {0x8186,0x55C9}, {0x8187,0x8187}, {0x8188,0x8188}, {0x818A,0x818A}, {0x818B,0x818B}, {0x818F,0x818F}, {0x8194,0x8194},
    {0x8195,0x8158}, {0x8197,0x8197}, {0x8198,0x8198}, {0x8199,0x8199}, {0x819A,0x80A4}, {0x819B,0x819B}, {0x819C,0x819C}, {0x819D,0x819D},
    {0x819F,0x819F}, {0x81A0,0x80F6}, {0x81A3,0x81A3}, {0x81A6,0x81A6}, {0x81A8,0x81A8}, {0x81A9,0x817B}, {0x81AA,0x81AA}, {0x81AB,0x81AB},
    {0x81B0,0x81B0}, {0x81B2,0x81B2}, {0x81B3,0x81B3}, {0x81B4,0x81B4}, {0x81B5,0x81B5}, {0x81B7,0x81B7}, {0x81BA,0x81BA}, {0x81BB,0x81BB},
    {0x81BD,0x80C6}, {0x81BE,0x810D}, {0x81BF,0x8113}, {0x81C0,0x81C0}, {0x81C2,0x81C2}, {0x81C3,0x81C3}, {0x81C4,0x81C4}, {0x81C6,0x81C6},
    {0x81C7,0x81C7}, {0x81C8,0x81C8}, {0x81C9,0x8138}, {0x81CA,0x81CA}, {0x81CC,0x81CC}, {0x81CD,0x8110}, {0x81CF,0x8191}, {0x81D0,0x81D0},
    {0x81D1,0x81D1}, {0x81D3,0x81D3}, {0x81D5,0x8198}, {0x81D6,0x81D6}, {0x81D8,0x814A}, {0x81D9,0x81D9}, {0x81DA,0x80EA}, {0x81DB,0x81DB},
    {0x81DD,0x81DD}, {0x81DE,0x81DE}, {0x81DF,0x810F}, {0x81E0,0x8114}, {0x81E2,0x81DC}, {0x81E3,0x81E3}, {0x81E5,0x5367}, {0x81E7,0x81E7},
    {0x81E8,0x4E34}, {0x81EA,0x81EA}, {0x81EC,0x81EC}, {0x81ED,0x81ED}, {0x81F2,0x81F2}, {0x81F3,0x81F3}, {0x81F4,0x81F4}, {0x81FA,0x53F0},
    {0x81FB,0x81FB}, {0x81FC,0x81FC}, {0x81FD,0x81FD}, {0x81FE,0x81FE}, {0x81FF,0x81FF}, {0x8200,0x8200}, {0x8201,0x8201}, {0x8202,0x8202},
    {0x8204,0x8204}, {0x8205,0x8205}, {0x8207,0x4E0E}, {0x8208,0x5174}, {0x8209,0x4E3E}, {0x820A,0x65E7}, {0x820B,0x820B}, {0x820C,0x820C},
    {0x820D,0x820D}, {0x820E,0x820E}, {0x8210,0x8210}, {0x8212,0x8212}, {0x8214,0x8214}, {0x8216,0x94FA}, {0x8217,0x8217}, {0x8218,0x9986},
    {0x821B,0x821B}, {0x821C,0x821C}, {0x821D,0x821D}, {0x821E,0x821E}, {0x821F,0x821F}, {0x8220,0x8220}, {0x8221,0x8221}, {0x8222,0x8222},
    {0x8228,0x8228}, {0x822A,0x822A}, {0x822B,0x822B}, {0x822C,0x822C}, {0x822D,0x822D}, {0x8232,0x8232}, {0x8233,0x8233}, {0x8234,0x8234},
    {0x8235,0x8235}, {0x8236,0x8236}, {0x8237,0x8237}, {0x8238,0x8238}, {0x8239,0x8239}, {0x823A,0x823A}, {0x8241,0x8241}, {0x8244,0x8244},
    {0x8245,0x8245}, {0x8247,0x8247}, {0x8249,0x8249}, {0x824B,0x824B}, {0x824E,0x824E}, {0x824F,0x824F}, {0x8251,0x8251}, {0x8255,0x8255},
    {0x8256,0x8256}, {0x8257,0x8257}, {0x8258,0x8258}, {0x8259,0x8231}, {0x825A,0x825A}, {0x825C,0x825C}, {0x825F,0x825F}, {0x8263,0x8263},
    {0x8264,0x8223}, {0x8266,0x8230}, {0x8268,0x8268}, {0x8269,0x8269}, {0x826B,0x823B}, {0x826C,0x826C}, {0x826D,0x826D}, {0x826E,0x826E},
    {0x826F,0x826F}, {0x8271,0x8270}, {0x8272,0x8272}, {0x8274,0x8274}, {0x8276,0x8273}, {0x8277,0x8273}, {0x8278,0x8278}, {0x8279,0x8279},
    {0x827B,0x827B}, {0x827E,0x827E}, {0x827F,0x827F}, {0x8283,0x8283}, {0x8284,0x8284}, {0x828A,0x828A}, {0x828B,0x828B}, {0x828D,0x828D},
    {0x828E,0x828E}, {0x828F,0x828F}, {0x8291,0x8291}, {0x8292,0x8292}, {0x8294,0x8294}, {0x8298,0x8298}, {0x8299,0x8299}, {0x829A,0x829A},
    {0x829D,0x829D}, {0x829F,0x829F}, {0x82A1,0x82A1}, {0x82A3,0x82A3}, {0x82A4,0x82A4}, {0x82A5,0x82A5}, {0x82A7,0x82A7}, {0x82A8,0x82A8},
    {0x82A9,0x82A9}, {0x82AA,0x82AA}, {0x82AB,0x82AB}, {0x82AC,0x82AC}, {0x82AD,0x82AD}, {0x82AE,0x82AE}, {0x82AF,0x82AF}, {0x82B0,0x82B0},
    {0x82B1,0x82B1}, {0x82B3,0x82B3}, {0x82B4,0x82B4}, {0x82B7,0x82B7}, {0x82B8,0x82B8}, {0x82B9,0x82B9}, {0x82BB,0x520D}, {0x82BC,0x82BC},
    {0x82BD,0x82BD}, {0x82BE,0x82BE}, {0x82BF,0x82BF}, {0x82C4,0x82C4}, {0x82D1,0x82D1}, {0x82D2,0x82D2}, {0x82D3,0x82D3}, {0x82D4,0x82D4},
    {0x82D5,0x82D5}, {0x82D7,0x82D7}, {0x82D8,0x82D8}, {0x82D9,0x82D9}, {0x82DB,0x82DB}, {0x82DC,0x82DC}, {0x82DE,0x82DE}, {0x82DF,0x82DF},
    {0x82E0,0x82E0}, {0x82E1,0x82E1}, {0x82E3,0x82E3}, {0x82E4,0x82E4}, {0x82E5,0x82E5}, {0x82E6,0x82E6}, {0x82E7,0x82CE}, {0x82EA,0x82EA},
    {0x82EB,0x82EB}, {0x82EF,0x82EF}, {0x82F1,0x82F1}, {0x82F4,0x82F4}, {0x82F6,0x82F6}, {0x82F7,0x82F7}, {0x82F9,0x82F9}, {0x82FA,0x82FA},
    {0x82FB,0x82FB}, {0x82FE,0x82FE}, {0x8300,0x8300}, {0x8301,0x8301}, {0x8302,0x8302}, {0x8303,0x8303}, {0x8304,0x8304}, {0x8305,0x8305},
    {0x8306,0x8306}, {0x8307,0x8307}, {0x8308,0x8308}, {0x8309,0x8309}, {0x830C,0x830C}, {0x830D,0x830D}, {0x8316,0x8316}, {0x8317,0x8317},
    {0x831A,0x831A}, {0x831B,0x831B}, {0x831C,0x831C}, {0x831E,0x831E}, {0x8320,0x8320}, {0x8322,0x8322}, {0x8325,0x8325}, {0x8326,0x8326},
    {0x8328,0x8328}, {0x832B,0x832B}, {0x832C,0x832C}, {0x832D,0x832D}, {0x832F,0x832F}, {0x8331,0x8331}, {0x8332,0x5179}, {0x8333,0x8333},
    {0x8334,0x8334}, {0x8335,0x8335}, {0x8336,0x8336}, {0x8337,0x8337}, {0x8338,0x8338}, {0x8339,0x8339}, {0x833C,0x833C}, {0x8340,0x8340},
    {0x8341,0x8341}, {0x8343,0x8343}, {0x8344,0x8344}, {0x8345,0x8345}, {0x8347,0x8347}, {0x8348,0x8348}, {0x8349,0x8349}, {0x834A,0x8346},
    {0x834D,0x834D}, {0x834F,0x834F}, {0x8351,0x8351}, {0x8352,0x8352}, {0x8354,0x8354}, {0x8358,0x8358}, {0x8373,0x8C46}, {0x8375,0x8375},
    {0x8377,0x8377}, {0x8378,0x8378}, {0x837B,0x837B}, {0x837C,0x837C}, {0x837D,0x837D}, {0x8386,0x8386}, {0x8389,0x8389}, {0x838A,0x5E84},
    {0x838E,0x838E}, {0x8392,0x8392}, {0x8393,0x8393}, {0x8394,0x8394}, {0x8395,0x8395}, {0x8396,0x830E}, {0x8398,0x8398}, {0x8399,0x8399},
    {0x839A,0x839A}, {0x839B,0x839B}, {0x839C,0x839C}, {0x839D,0x839D}, {0x839E,0x839E}, {0x83A0,0x83A0}, {0x83A2,0x835A}, {0x83A6,0x83A6},
    {0x83A7,0x82CB}, {0x83A8,0x83A8}, {0x83A9,0x83A9}, {0x83AA,0x83AA}, {0x83AB,0x83AB}, {0x83AD,0x83AD}, {0x83B0,0x83B0}, {0x83BD,0x83BD},
    {0x83BF,0x83BF}, {0x83C0,0x83C0}, {0x83C1,0x83C1}, {0x83C5,0x83C5}, {0x83C6,0x83C6}, {0x83C7,0x83C7}, {0x83C9,0x83C9}, {0x83CA,0x83CA},
    {0x83CC,0x83CC}, {0x83CE,0x83CE}, {0x83CF,0x83CF}, {0x83D0,0x83D0}, {0x83D1,0x83D1}, {0x83D3,0x83D3}, {0x83D4,0x83D4}, {0x83D5,0x82B2},
    {0x83D6,0x83D6}, {0x83D8,0x83D8}, {0x83DC,0x83DC}, {0x83DD,0x83DD}, {0x83DF,0x83DF}, {0x83E0,0x83E0}, {0x83E1,0x83E1}, {0x83E2,0x83E2},
    {0x83E3,0x83E3}, {0x83E5,0x83E5}, {0x83E7,0x83E7}, {0x83E9,0x83E9}, {0x83EA,0x83EA}, {0x83EB,0x83EB}, {0x83EF,0x534E}, {0x83F0,0x83F0},
    {0x83F1,0x83F1}, {0x83F2,0x83F2}, {0x83F4,0x83F4}, {0x83F6,0x83F6}, {0x83F7,0x83F7}, {0x83F8,0x83F8}, {0x83F9,0x83F9}, {0x83FA,0x83FA},
    {0x83FB,0x83FB}, {0x83FC,0x83FC}, {0x83FD,0x83FD}, {0x83FE,0x83FE}, {0x8401,0x8401}, {0x8403,0x8403}, {0x8404,0x8404}, {0x8405,0x8405},
    {0x8406,0x8406}, {0x8407,0x82CC}, {0x840A,0x83B1}, {0x840B,0x840B}, {0x840C,0x840C}, {0x840D,0x840D}, {0x840E,0x840E}, {0x840F,0x840F},
    {0x8410,0x8410}, {0x8411,0x8411}, {0x8418,0x8418}, {0x841C,0x841C}, {0x8423,0x8423}, {0x8429,0x8429}, {0x842C,0x4E07}, {0x8430,0x8430},
    {0x8431,0x8431}, {0x8434,0x8434}, {0x8435,0x83B4}, {0x8438,0x8438}, {0x8439,0x6241}, {0x843B,0x843B}, {0x843C,0x843C}, {0x843D,0x843D},
    {0x8444,0x8444}, {0x8446,0x8446}, {0x8447,0x8447}, {0x8449,0x53F6}, {0x844D,0x844D}, {0x844E,0x844E}, {0x8451,0x8451}, {0x8452,0x836D},
    {0x8456,0x8456}, {0x8457,0x8457}, {0x8459,0x8459}, {0x845A,0x845A}, {0x845B,0x845B}, {0x8460,0x8460}, {0x8461,0x8461}, {0x8463,0x8463},
    {0x8465,0x8465}, {0x8466,0x82C7}, {0x8467,0x8467}, {0x8469,0x8469}, {0x846B,0x846B}, {0x846C,0x846C}, {0x846D,0x846D}, {0x846F,0x836F},
    {0x8473,0x8473}, {0x8474,0x8474}, {0x8475,0x8475}, {0x8476,0x8476}, {0x8477,0x8364}, {0x8478,0x8478}, {0x8479,0x8479}, {0x847A,0x847A},
    {0x847D,0x847D}, {0x8482,0x8482}, {0x8484,0x8484}, {0x848E,0x848E}, {0x8490,0x8490}, {0x8493,0x83BC}, {0x8494,0x83B3}, {0x8497,0x8497},
    {0x8499,0x8499}, {0x849C,0x849C}, {0x849E,0x8385}, {0x849F,0x849F}, {0x84A1,0x84A1}, {0x84A2,0x84A2}, {0x84A6,0x84A6}, {0x84A8,0x84A8},
    {0x84AD,0x84AD}, {0x84AF,0x84AF}, {0x84B1,0x84B1}, {0x84B2,0x84B2}, {0x84B4,0x84B4}, {0x84B8,0x84B8}, {0x84B9,0x84B9}, {0x84BA,0x84BA},
    {0x84BB,0x84BB}, {0x84BC,0x82CD}, {0x84BD,0x84BD}, {0x84BF,0x84BF}, {0x84C0,0x836A}, {0x84C1,0x84C1}, {0x84C2,0x84C2}, {0x84C4,0x84C4},
    {0x84C6,0x84C6}, {0x84C7,0x84C7}, {0x84C9,0x84C9}, {0x84CA,0x84CA}, {0x84CB,0x76D6}, {0x84CC,0x84CC}, {0x84CD,0x84CD}, {0x84CF,0x84CF},
    {0x84D0,0x84D0}, {0x84D1,0x84D1}, {0x84D3,0x84D3}, {0x84D6,0x84D6}, {0x84E7,0x84E7}, {0x84EA,0x84EA}, {0x84EB,0x84EB}, {0x84EC,0x84EC},
    {0x84EE,0x83B2}, {0x84EF,0x82C1}, {0x84F0,0x84F0}, {0x84F1,0x84F1}, {0x84F4,0x83BC}, {0x84F7,0x84F7}, {0x84FA,0x84FA}, {0x84FC,0x84FC},
    {0x84FD,0x835C}, {0x84FF,0x84FF}, {0x8500,0x8500}, {0x8502,0x8502}, {0x8503,0x8503}, {0x8506,0x8506}, {0x8507,0x8507}, {0x8509,0x8509},
    {0x850A,0x850A}, {0x850B,0x850B}, {0x850C,0x850C}, {0x850E,0x850E}, {0x8511,0x8511}, {0x8513,0x8513}, {0x8514,0x535C}, {0x8515,0x8515},
    {0x8517,0x8517}, {0x8518,0x8518}, {0x8519,0x8519}, {0x851A,0x851A}, {0x851E,0x848C}, {0x851F,0x851F}, {0x8521,0x8521}, {0x8523,0x848B},
    {0x8525,0x8471}, {0x8526,0x8311}, {0x852B,0x852B}, {0x852C,0x852C}, {0x852D,0x836B}, {0x852F,0x852F}, {0x8533,0x8533}, {0x8534,0x9EBB},
    {0x8535,0x8535}, {0x8538,0x8538}, {0x853B,0x853B}, {0x853D,0x853D}, {0x853E,0x853E}, {0x8541,0x8368}, {0x8543,0x8543}, {0x8546,0x8487},
    {0x8548,0x8548}, {0x8549,0x8549}, {0x854A,0x854A}, {0x854B,0x854B}, {0x854D,0x854D}, {0x854E,0x835E}, {0x8550,0x8550}, {0x8551,0x8551},
    {0x8552,0x836C}, {0x8553,0x82B8}, {0x8555,0x83B8}, {0x8556,0x8556}, {0x8557,0x8557}, {0x8558,0x835B}, {0x8559,0x8559}, {0x855D,0x855D},
    {0x855E,0x855E}, {0x8560,0x8560}, {0x8561,0x8561}, {0x8562,0x8489}, {0x8563,0x8563}, {0x8564,0x8564}, {0x8568,0x8568}, {0x8569,0x8361},
    {0x856A,0x829C}, {0x856D,0x8427}, {0x8573,0x8573}, {0x8577,0x84E3}, {0x8578,0x8578}, {0x8579,0x8579}, {0x857A,0x857A}, {0x857B,0x857B},
    {0x857E,0x857E}, {0x8580,0x8580}, {0x8581,0x8581}, {0x8583,0x8583}, {0x8584,0x8584}, {0x8585,0x8585}, {0x8586,0x8586}, {0x8587,0x8587},
    {0x8588,0x835F}, {0x8589,0x8589}, {0x858A,0x84DF}, {0x858C,0x8297}, {0x858F,0x858F}, {0x8590,0x8590}, {0x8591,0x59DC}, {0x8594,0x8537},
    {0x8596,0x8596}, {0x8598,0x8598}, {0x8599,0x5243}, {0x859B,0x859B}, {0x859C,0x859C}, {0x85A0,0x85A0}, {0x85A2,0x85A2}, {0x85A4,0x85A4},
    {0x85A6,0x8350}, {0x85A7,0x85A7}, {0x85A8,0x85A8}, {0x85A9,0x8428}, {0x85AA,0x85AA}, {0x85AB,0x85AB}, {0x85AC,0x85AC}, {0x85AF,0x85AF},
    {0x85B0,0x85B0}, {0x85B3,0x85B3}, {0x85B6,0x85B6}, {0x85B7,0x85B7}, {0x85B8,0x85B8}, {0x85B9,0x85B9}, {0x85BA,0x8360}, {0x85BD,0x85BD},
    {0x85BE,0x85BE}, {0x85BF,0x85BF}, {0x85C1,0x85C1}, {0x85C4,0x85C4}, {0x85C7,0x85C7}, {0x85C9,0x85C9}, {0x85CB,0x85CB}, {0x85CD,0x84DD},
    {0x85CE,0x8369}, {0x85CF,0x85CF}, {0x85D0,0x85D0}, {0x85D5,0x85D5}, {0x85D8,0x85D8}, {0x85D9,0x85D9}, {0x85DA,0x85DA}, {0x85DC,0x85DC},
    {0x85DD,0x827A}, {0x85DF,0x85DF}, {0x85E4,0x85E4}, {0x85E5,0x836F}, {0x85E6,0x85E6}, {0x85E8,0x85E8}, {0x85E9,0x85E9}, {0x85EA,0x85AE},
    {0x85ED,0x85ED}, {0x85F3,0x85F3}, {0x85F4,0x85F4}, {0x85F6,0x82C8}, {0x85F7,0x85F7}, {0x85F9,0x853C}, {0x85FA,0x853A}, {0x85FB,0x85FB},
    {0x85FE,0x85FE}, {0x85FF,0x85FF}, {0x8600,0x8600}, {0x8601,0x8601}, {0x8604,0x8572}, {0x8605,0x8605}, {0x8606,0x82A6}, {0x8607,0x82CF},
    {0x860A,0x8574}, {0x860B,0x82F9}, {0x8611,0x8611}, {0x8617,0x8617}, {0x8618,0x8618}, {0x861A,0x85D3}, {0x861D,0x861D}, {0x861E,0x8539},
    {0x8622,0x830F}, {0x8624,0x8624}, {0x8627,0x8627}, {0x8629,0x8629}, {0x862D,0x5170}, {0x8635,0x8635}, {0x8638,0x8638}, {0x863A,0x84E0},
    {0x863C,0x863C}, {0x863F,0x841D}, {0x8640,0x8640}, {0x8646,0x8646}, {0x864D,0x864D}, {0x864E,0x864E}, {0x8650,0x8650}, {0x8652,0x8652},
    {0x8653,0x8653}, {0x8654,0x8654}, {0x8655,0x5904}, {0x8656,0x8656}, {0x865B,0x865A}, {0x865C,0x864F}, {0x865E,0x865E}, {0x865F,0x53F7},
    {0x8661,0x8661}, {0x8662,0x8662}, {0x8663,0x8663}, {0x8665,0x8665}, {0x8667,0x4E8F}, {0x8669,0x8669}, {0x866F,0x866C}, {0x8670,0x8670},
    {0x8671,0x8671}, {0x8675,0x86C7}, {0x8677,0x8677}, {0x8679,0x8679}, {0x867A,0x867A}, {0x867B,0x867B}, {0x867C,0x867C}, {0x8686,0x8686},
    {0x8688,0x8688}, {0x868A,0x868A}, {0x868B,0x868B}, {0x868C,0x868C}, {0x868D,0x868D}, {0x8693,0x8693}, {0x8694,0x8694}, {0x8696,0x8696},
    {0x8698,0x8698}, {0x869C,0x869C}, {0x86A1,0x86A1}, {0x86A3,0x86A3}, {0x86A4,0x86A4}, {0x86A7,0x86A7}, {0x86A8,0x86A8}, {0x86A9,0x86A9},
    {0x86AA,0x86AA}, {0x86AF,0x86AF}, {0x86B0,0x86B0}, {0x86B1,0x86B1}, {0x86B3,0x86B3}, {0x86B4,0x86B4}, {0x86B5,0x86B5}, {0x86B6,0x86B6},
    {0x86B9,0x86B9}, {0x86BA,0x86BA}, {0x86BB,0x86BB}, {0x86BF,0x86BF}, {0x86C0,0x86C0}, {0x86C1,0x86C1}, {0x86C4,0x86C4}, {0x86C5,0x86C5},
    {0x86C6,0x86C6}, {0x86C7,0x86C7}, {0x86C9,0x86C9}, {0x86CB,0x86CB}, {0x86CC,0x86CC}, {0x86CD,0x86CD}, {0x86D0,0x86D0}, {0x86D1,0x86D1},
    {0x86D3,0x86D3}, {0x86D4,0x86D4}, {0x86D8,0x86D8}, {0x86D9,0x86D9}, {0x86DA,0x86DA}, {0x86DB,0x86DB}, {0x86DC,0x86DC}, {0x86DE,0x86DE},
    {0x86DF,0x86DF}, {0x86E1,0x86E1}, {0x86E3,0x86E3}, {0x86E4,0x86E4}, {0x86E9,0x86E9}, {0x86ED,0x86ED}, {0x86F5,0x86F5}, {0x86F8,0x86F8},
    {0x86F9,0x86F9}, {0x86FA,0x86F1}, {0x86FB,0x8715}, {0x86FE,0x86FE}, {0x8700,0x8700}, {0x8702,0x8702}, {0x8703,0x8703}, {0x8705,0x8705},
    {0x8706,0x86AC}, {0x8707,0x8707}, {0x8708,0x8708}, {0x8709,0x8709}, {0x870A,0x870A}, {0x870B,0x870B}, {0x870D,0x870D}, {0x870E,0x870E},
    {0x8711,0x8711}, {0x8712,0x8712}, {0x8713,0x8713}, {0x8718,0x8718}, {0x871A,0x871A}, {0x871B,0x871B}, {0x871C,0x871C}, {0x871E,0x871E},
    {0x8722,0x8722}, {0x8723,0x8723}, {0x8725,0x8725}, {0x8728,0x8728}, {0x8729,0x8729}, {0x872E,0x872E}, {0x8731,0x8731}, {0x8734,0x8734},
    {0x8737,0x8737}, {0x873A,0x873A}, {0x873B,0x873B}, {0x873E,0x873E}, {0x873F,0x873F}, {0x8740,0x8740}, {0x8743,0x8743}, {0x874B,0x874B},
    {0x874C,0x874C}, {0x874D,0x874D}, {0x874E,0x874E}, {0x874F,0x874F}, {0x8753,0x8753}, {0x8755,0x8680}, {0x8757,0x8757}, {0x8758,0x8758},
    {0x8759,0x8759}, {0x875D,0x875D}, {0x875F,0x732C}, {0x8760,0x8760}, {0x8761,0x8761}, {0x8763,0x8763}, {0x8764,0x8764}, {0x8765,0x8765},
    {0x8766,0x867E}, {0x8768,0x8671}, {0x876E,0x876E}, {0x876F,0x733F}, {0x8770,0x8770}, {0x8771,0x867B}, {0x8772,0x8772}, {0x8774,0x8774},
    {0x8776,0x8776}, {0x8778,0x8717}, {0x877B,0x877B}, {0x877D,0x877D}, {0x8782,0x8782}, {0x8783,0x8783}, {0x8784,0x86F3}, {0x8785,0x8785},
    {0x8788,0x8788}, {0x8789,0x8789}, {0x878B,0x878B}, {0x878D,0x878D}, {0x8792,0x8792}, {0x8793,0x8793}, {0x8797,0x8797}, {0x8798,0x8798},
    {0x8799,0x8799}, {0x879A,0x879A}, {0x879E,0x8682}, {0x879F,0x879F}, {0x87A2,0x8424}, {0x87A3,0x87A3}, {0x87A5,0x87A5}, {0x87AB,0x87AB},
    {0x87AC,0x87AC}, {0x87AD,0x87AD}, {0x87AE,0x45D6}, {0x87AF,0x87AF}, {0x87B3,0x87B3}, {0x87B5,0x87B5}, {0x87BA,0x87BA}, {0x87BB,0x877C},
    {0x87BD,0x87BD}, {0x87BE,0x87BE}, {0x87BF,0x8780}, {0x87C0,0x87C0}, {0x87C4,0x86F0}, {0x87C5,0x87C5}, {0x87C6,0x87C6}, {0x87C8,0x8748},
    {0x87CA,0x87CA}, {0x87CB,0x87CB}, {0x87CE,0x87A8}, {0x87D1,0x87D1}, {0x87D2,0x87D2}, {0x87D3,0x87D3}, {0x87DB,0x87DB}, {0x87DC,0x87DC},
    {0x87DF,0x87DF}, {0x87E0,0x87E0}, {0x87E2,0x87E2}, {0x87E3,0x866E}, {0x87E5,0x87E5}, {0x87E8,0x87E8}, {0x87EA,0x87EA}, {0x87EC,0x8749},
    {0x87ED,0x87ED}, {0x87EE,0x87EE}, {0x87EF,0x86F2}, {0x87F2,0x866B}, {0x87F3,0x87F3}, {0x87F6,0x86CF}, {0x87F7,0x87F7}, {0x87F9,0x87F9},
    {0x87FA,0x87FA}, {0x87FB,0x8681}, {0x87FE,0x87FE}, {0x87FF,0x87FF}, {0x8801,0x8801}, {0x8802,0x8802}, {0x8803,0x8803}, {0x8805,0x8747},
    {0x8806,0x867F}, {0x880A,0x880A}, {0x880B,0x880B}, {0x880D,0x874E}, {0x880F,0x880F}, {0x8810,0x86F4}, {0x8811,0x877E}, {0x8813,0x8813},
    {0x8814,0x869D}, {0x8815,0x8815}, {0x8816,0x8816}, {0x8817,0x8817}, {0x8819,0x8819}, {0x881A,0x881A}, {0x881B,0x881B}, {0x881C,0x881C},
    {0x881F,0x8721}, {0x8821,0x8821}, {0x8822,0x8822}, {0x8823,0x86CE}, {0x8827,0x8827}, {0x8828,0x87CF}, {0x8829,0x8829}, {0x882D,0x8702},
    {0x882E,0x882E}, {0x8830,0x8830}, {0x8831,0x86CA}, {0x8832,0x8832}, {0x8835,0x8835}, {0x8836,0x8695}, {0x8838,0x8838}, {0x8839,0x8839},
    {0x883B,0x86EE}, {0x883C,0x883C}, {0x883D,0x883D}, {0x8840,0x8840}, {0x8841,0x8841}, {0x8842,0x8844}, {0x8844,0x8844}, {0x8846,0x4F17},
    {0x8847,0x8847}, {0x8848,0x8848}, {0x8849,0x8849}, {0x884A,0x8511}, {0x884B,0x884B}, {0x884C,0x884C}, {0x884D,0x884D}, {0x884E,0x884E},
    {0x8852,0x8852}, {0x8853,0x672F}, {0x8855,0x540C}, {0x8856,0x8856}, {0x8857,0x8857}, {0x8859,0x8859}, {0x885A,0x80E1}, {0x885B,0x536B},
    {0x885D,0x51B2}, {0x885E,0x885E}, {0x8861,0x8861}, {0x8862,0x8862}, {0x8863,0x8863}, {0x8868,0x8868}, {0x8869,0x8869}, {0x886B,0x886B},
    {0x886D,0x886D}, {0x8870,0x8870}, {0x8872,0x8872}, {0x8875,0x8875}, {0x8877,0x8877}, {0x8879,0x8879}, {0x887A,0x887A}, {0x887D,0x887D},
    {0x887E,0x887E}, {0x887F,0x887F}, {0x8881,0x8881}, {0x8882,0x8882}, {0x8888,0x8888}, {0x888B,0x888B}, {0x888D,0x888D}, {0x8892,0x8892},
    {0x8896,0x8896}, {0x8897,0x8897}, {0x889A,0x889A}, {0x889E,0x886E}, {0x889F,0x889F}, {0x88A2,0x88A2}, {0x88A4,0x88A4}, {0x88AA,0x88AA},
    {0x88AB,0x88AB}, {0x88AE,0x88AE}, {0x88B1,0x88B1}, {0x88B2,0x88B2}, {0x88B4,0x88B4}, {0x88B7,0x88B7}, {0x88BA,0x88BA}, {0x88BC,0x88BC},
    {0x88BD,0x88BD}, {0x88C0,0x88C0}, {0x88C1,0x88C1}, {0x88C2,0x88C2}, {0x88C9,0x88C9}, {0x88CA,0x8885}, {0x88CB,0x88CB}, {0x88CC,0x5939},
    {0x88CD,0x88CD}, {0x88CE,0x88CE}, {0x88CF,0x91CC}, {0x88D2,0x88D2}, {0x88D4,0x88D4}, {0x88D5,0x88D5}, {0x88D8,0x88D8}, {0x88D9,0x88D9},
    {0x88DB,0x88DB}, {0x88DC,0x8865}, {0x88DD,0x88C5}, {0x88DF,0x88DF}, {0x88E1,0x91CC}, {0x88E8,0x88E8}, {0x88EF,0x88EF}, {0x88F0,0x88F0},
    {0x88F1,0x88F1}, {0x88F2,0x88F2}, {0x88F3,0x88F3}, {0x88F4,0x88F4}, {0x88F8,0x88F8}, {0x88F9,0x88F9}, {0x88FC,0x88FC}, {0x88FD,0x5236},
    {0x88FE,0x88FE}, {0x8900,0x8900}, {0x8902,0x8902}, {0x8907,0x590D}, {0x8909,0x8909}, {0x890A,0x890A}, {0x890C,0x88C8}, {0x890E,0x890E},
    {0x8910,0x8910}, {0x8912,0x8912}, {0x8913,0x8913}, {0x8914,0x8914}, {0x8915,0x8915}, {0x8918,0x8886}, {0x8919,0x8919}, {0x891A,0x891A},
    {0x891F,0x891F}, {0x8921,0x8921}, {0x8922,0x8922}, {0x8925,0x8925}, {0x8926,0x8926}, {0x8927,0x8927}, {0x892A,0x892A}, {0x892B,0x892B},
    {0x892D,0x8885}, {0x892F,0x892F}, {0x8930,0x8930}, {0x8931,0x8931}, {0x8932,0x88E4}, {0x8933,0x88E2}, {0x8935,0x8935}, {0x8936,0x8936},
    {0x8938,0x891B}, {0x893B,0x4EB5}, {0x893D,0x893D}, {0x893E,0x893E}, {0x8941,0x8941}, {0x8943,0x8912}, {0x8944,0x8944}, {0x8946,0x8946},
    {0x8947,0x88E5}, {0x8949,0x8949}, {0x894B,0x894B}, {0x894C,0x894C}, {0x894F,0x894F}, {0x8956,0x8884}, {0x895A,0x895A}, {0x895B,0x895B},
    {0x895C,0x895C}, {0x895D,0x88E3}, {0x895E,0x895E}, {0x895F,0x895F}, {0x8960,0x88C6}, {0x8961,0x8961}, {0x8962,0x8962}, {0x8964,0x8934},
    {0x8966,0x8966}, {0x896A,0x889C}, {0x896B,0x896B}, {0x896C,0x896C}, {0x896D,0x896D}, {0x896E,0x896E}, {0x896F,0x886C}, {0x8972,0x88AD},
    {0x8974,0x8955}, {0x8976,0x8976}, {0x897B,0x897B}, {0x897C,0x897C}, {0x897D,0x897D}, {0x897E,0x897E}, {0x897F,0x897F}, {0x8981,0x8981},
    {0x8982,0x8982}, {0x8983,0x8983}, {0x8985,0x8985}, {0x8986,0x8986}, {0x8987,0x9738}, {0x8988,0x6838}, {0x8989,0x8989}, {0x898A,0x898A},
    {0x898B,0x89C1}, {0x898C,0x898C}, {0x898F,0x89C4}, {0x8993,0x89C5}, {0x8996,0x89C6}, {0x8997,0x8997}, {0x8998,0x89C7}, {0x899A,0x899A},
    {0x899C,0x899C}, {0x89A1,0x89CB}, {0x89A5,0x89CD}, {0x89A6,0x89CE}, {0x89A7,0x89A7}, {0x89A9,0x89A9}, {0x89AA,0x4EB2}, {0x89AC,0x89CA},
    {0x89AF,0x89CF}, {0x89B0,0x89B0}, {0x89B2,0x89D0}, {0x89B3,0x89B3}, {0x89B7,0x89D1}, {0x89BA,0x89C9}, {0x89BD,0x89C8}, {0x89BF,0x89CC},
    {0x89C0,0x89C2}, {0x89D2,0x89D2}, {0x89D4,0x89D4}, {0x89D5,0x89D5}, {0x89D6,0x89D6}, {0x89DA,0x89DA}, {0x89DC,0x89DC}, {0x89DD,0x89DD},
    {0x89E1,0x89E1}, {0x89E3,0x89E3}, {0x89E5,0x89E5}, {0x89E9,0x89E9}, {0x89EB,0x89EB}, {0x89ED,0x89ED}, {0x89F1,0x89F1}, {0x89F3,0x89F3},
    {0x89F4,0x89DE}, {0x89F6,0x89EF}, {0x89F7,0x89F7}, {0x89F8,0x89E6}, {0x89FC,0x89FC}, {0x89FD,0x89FD}, {0x89FE,0x89FE}, {0x89FF,0x89FF},
    {0x8A00,0x8A00}, {0x8A02,0x8BA2}, {0x8A03,0x8BA3}, {0x8A07,0x8A07}, {0x8A08,0x8BA1}, {0x8A0A,0x8BAF}, {0x8A0C,0x8BA7}, {0x8A0E,0x8BA8},
    {0x8A0F,0x8A0F}, {0x8A10,0x8BA6}, {0x8A11,0x8A11}, {0x8A12,0x8A12}, {0x8A13,0x8BAD}, {0x8A15,0x8BAA}, {0x8A16,0x8BAB}, {0x8A17,0x8BAC},
    {0x8A18,0x8BB0}, {0x8A1B,0x8BB9}, {0x8A1D,0x8BB6}, {0x8A1F,0x8BBC}, {0x8A22,0x4723}, {0x8A23,0x8BC0}, {0x8A25,0x8BB7}, {0x8A27,0x8A27},
    {0x8A2A,0x8BBF}, {0x8A2C,0x8A2C}, {0x8A2D,0x8BBE}, {0x8A31,0x8BB8}, {0x8A33,0x8A33}, {0x8A34,0x8BC9}, {0x8A36,0x8BC3}, {0x8A39,0x8A39},
    {0x8A3A,0x8BCA}, {0x8A3B,0x6CE8}, {0x8A3C,0x8BC1}, {0x8A3E,0x8A3E}, {0x8A40,0x8A40}, {0x8A41,0x8BC2}, {0x8A45,0x8A45}, {0x8A46,0x8BCB},
    {0x8A48,0x8A48}, {0x8A4A,0x8A4A}, {0x8A4E,0x8BB5}, {0x8A50,0x8BC8}, {0x8A51,0x8A51}, {0x8A52,0x8BD2}, {0x8A54,0x8BCF}, {0x8A55,0x8BC4},
    {0x8A56,0x8BD0}, {0x8A57,0x8A57}, {0x8A58,0x8BCE}, {0x8A5B,0x8BC5}, {0x8A5D,0x8A5D}, {0x8A5E,0x8BCD}, {0x8A60,0x548F}, {0x8A61,0x8BE9},
    {0x8A62,0x8BE2}, {0x8A63,0x8BE3}, {0x8A66,0x8BD5}, {0x8A67,0x5BDF}, {0x8A68,0x8A68}, {0x8A69,0x8BD7}, {0x8A6B,0x8BE7}, {0x8A6C,0x8BDF},
    {0x8A6D,0x8BE1}, {0x8A6E,0x8BE0}, {0x8A70,0x8BD8}, {0x8A71,0x8BDD}, {0x8A72,0x8BE5}, {0x8A73,0x8BE6}, {0x8A75,0x8BDC}, {0x8A76,0x8A76},
    {0x8A78,0x8A78}, {0x8A79,0x8A79}, {0x8A7B,0x8A7B}, {0x8A7C,0x8BD9}, {0x8A7F,0x8BD6}, {0x8A82,0x8A82}, {0x8A83,0x8A83}, {0x8A84,0x8BD4},
    {0x8A85,0x8BDB}, {0x8A86,0x8BD3}, {0x8A87,0x5938}, {0x8A8B,0x8A8B}, {0x8A8C,0x5FD7}, {0x8A8D,0x8BA4}, {0x8A91,0x8BF3}, {0x8A92,0x8BF6},
    {0x8A93,0x8A93}, {0x8A95,0x8BDE}, {0x8A96,0x6096}, {0x8A98,0x8BF1}, {0x8A99,0x8A99}, {0x8A9A,0x8BEE}, {0x8A9E,0x8BED}, {0x8AA0,0x8BDA},
    {0x8AA1,0x8BEB}, {0x8AA3,0x8BEC}, {0x8AA4,0x8BEF}, {0x8AA5,0x8BF0}, {0x8AA6,0x8BF5}, {0x8AA7,0x8AA7}, {0x8AA8,0x8BF2}, {0x8AAA,0x8BF4},
    {0x8AAC,0x8AAC}, {0x8AAD,0x8AAD}, {0x8AAF,0x8AAF}, {0x8AB0,0x8C01}, {0x8AB2,0x8BFE}, {0x8AB6,0x8C07}, {0x8AB9,0x8BFD}, {0x8ABC,0x8C0A},
    {0x8ABE,0x8A1A}, {0x8ABF,0x8C03}, {0x8AC2,0x8C04}, {0x8AC4,0x8C06}, {0x8AC6,0x8AC6}, {0x8AC7,0x8C08}, {0x8AC9,0x8BFF}, {0x8ACB,0x8BF7},
    {0x8ACC,0x8ACC}, {0x8ACD,0x8BE4}, {0x8ACF,0x8BF9}, {0x8AD1,0x8BFC}, {0x8AD2,0x8C05}, {0x8AD5,0x8AD5}, {0x8AD6,0x8BBA}, {0x8AD7,0x8C02},
    {0x8ADB,0x8C00}, {0x8ADC,0x8C0D}, {0x8ADD,0x8ADD}, {0x8ADE,0x8C1D}, {0x8ADF,0x8ADF}, {0x8AE0,0x55A7}, {0x8AE1,0x8C25}, {0x8AE2,0x8BE8},
    {0x8AE4,0x8C14}, {0x8AE6,0x8C1B}, {0x8AE7,0x8C10}, {0x8AEB,0x8C0F}, {0x8AED,0x8C15}, {0x8AEE,0x8C18}, {0x8AF1,0x8BB3}, {0x8AF3,0x8C19},
    {0x8AF4,0x8AF4}, {0x8AF5,0x8AF5}, {0x8AF6,0x8C0C}, {0x8AF7,0x8BBD}, {0x8AF8,0x8BF8}, {0x8AFA,0x8C1A}, {0x8AFC,0x8C16}, {0x8AFE,0x8BFA},
    {0x8B00,0x8C0B}, {0x8B01,0x8C12}, {0x8B02,0x8C13}, {0x8B04,0x8A8A}, {0x8B05,0x8BCC}, {0x8B06,0x8B06}, {0x8B07,0x8B07}, {0x8B0A,0x8C0E},
    {0x8B0C,0x6B4C}, {0x8B0D,0x8B0D}, {0x8B0E,0x8C1C}, {0x8B0F,0x8B0F}, {0x8B10,0x8C27}, {0x8B11,0x8B11}, {0x8B14,0x8C11}, {0x8B16,0x8C21},
    {0x8B17,0x8C24}, {0x8B19,0x8C26}, {0x8B1A,0x8C25}, {0x8B1B,0x8BB2}, {0x8B1D,0x8C22}, {0x8B20,0x8C23}, {0x8B21,0x8B21}, {0x8B26,0x8B26},
    {0x8B28,0x8C1F}, {0x8B2A,0x8B2A}, {0x8B2B,0x8C2A}, {0x8B2C,0x8C2C}, {0x8B33,0x8BB4}, {0x8B37,0x8B37}, {0x8B39,0x8C28}, {0x8B3C,0x8B3C},
    {0x8B3E,0x8C29}, {0x8B41,0x54D7}, {0x8B45,0x8B45}, {0x8B46,0x8B46}, {0x8B48,0x8B48}, {0x8B49,0x8BC1}, {0x8B4A,0x8B4A}, {0x8B4C,0x8BB9},
    {0x8B4E,0x8C32}, {0x8B4F,0x8BA5}, {0x8B52,0x8B52}, {0x8B54,0x64B0}, {0x8B56,0x8C2E}, {0x8B58,0x8BC6}, {0x8B59,0x8C2F}, {0x8B5A,0x8C2D},
    {0x8B5C,0x8C31}, {0x8B5E,0x8B5E}, {0x8B5F,0x566A}, {0x8B66,0x8B66}, {0x8B69,0x8B69}, {0x8B6B,0x8C35}, {0x8B6C,0x8B6C}, {0x8B6D,0x6BC1},
    {0x8B6F,0x8BD1}, {0x8B70,0x8BAE}, {0x8B71,0x8B71}, {0x8B72,0x8B72}, {0x8B74,0x8C34}, {0x8B77,0x62A4}, {0x8B78,0x8B78}, {0x8B79,0x8B79},
    {0x8B7D,0x8A89}, {0x8B7E,0x8C2B}, {0x8B80,0x8BFB}, {0x8B85,0x8B85}, {0x8B86,0x8B86}, {0x8B8A,0x53D8}, {0x8B8B,0x8A5F}, {0x8B8C,0x4729},
    {0x8B8E,0x96E0}, {0x8B90,0x8B90}, {0x8B92,0x8C17}, {0x8B93,0x8BA9}, {0x8B95,0x8C30}, {0x8B96,0x8C36}, {0x8B99,0x8B99}, {0x8B9A,0x8D5E},
    {0x8B9C,0x8C20}, {0x8B9E,0x8C33}, {0x8B9F,0x8B9F}, {0x8C37,0x8C37}, {0x8C3D,0x8C3D}, {0x8C3F,0x6EAA}, {0x8C41,0x8C41}, {0x8C46,0x8C46},
    {0x8C47,0x8C47}, {0x8C48,0x5C82}, {0x8C49,0x8C49}, {0x8C4A,0x8C4A}, {0x8C4B,0x8C4B}, {0x8C4C,0x8C4C}, {0x8C4E,0x7AD6}, {0x8C4F,0x8C4F},
    {0x8C50,0x4E30}, {0x8C54,0x8C54}, {0x8C55,0x8C55}, {0x8C56,0x8C56}, {0x8C57,0x8C57}, {0x8C5A,0x8C5A}, {0x8C5C,0x8C5C}, {0x8C5D,0x8C5D},
    {0x8C5E,0x8C5E}, {0x8C61,0x8C61}, {0x8C62,0x8C62}, {0x8C63,0x8C63}, {0x8C66,0x8C66}, {0x8C68,0x8C68}, {0x8C6A,0x8C6A}, {0x8C6B,0x8C6B},
    {0x8C6C,0x732A}, {0x8C6D,0x8C6D}, {0x8C71,0x8C71}, {0x8C73,0x8C73}, {0x8C75,0x8C75}, {0x8C76,0x8C76}, {0x8C77,0x8C77}, {0x8C78,0x8C78},
    {0x8C79,0x8C79}, {0x8C7A,0x8C7A}, {0x8C7B,0x8C7B}, {0x8C82,0x8C82}, {0x8C85,0x8C85}, {0x8C86,0x8C86}, {0x8C89,0x8C89}, {0x8C8A,0x8C8A},
    {0x8C8C,0x8C8C}, {0x8C8D,0x72F8}, {0x8C8E,0x730A}, {0x8C93,0x732B}, {0x8C94,0x8C94}, {0x8C98,0x8C98}, {0x8C99,0x4759}, {0x8C9C,0x8C9C},
    {0x8C9D,0x8D1D}, {0x8C9E,0x8D1E}, {0x8CA0,0x8D1F}, {0x8CA1,0x8D22}, {0x8CA2,0x8D21}, {0x8CA4,0x8CA4}, {0x8CA7,0x8D2B}, {0x8CA8,0x8D27},
    {0x8CA9,0x8D29}, {0x8CAA,0x8D2A}, {0x8CAB,0x8D2F}, {0x8CAC,0x8D23}, {0x8CAF,0x8D2E}, {0x8CB0,0x8D33}, {0x8CB2,0x8D40}, {0x8CB3,0x8D30},
    {0x8CB4,0x8D35}, {0x8CB6,0x8D2C}, {0x8CB7,0x4E70}, {0x8CB8,0x8D37}, {0x8CBA,0x8D36}, {0x8CBB,0x8D39}, {0x8CBC,0x8D34}, {0x8CBD,0x8D3B},
    {0x8CBF,0x8D38}, {0x8CC0,0x8D3A}, {0x8CC1,0x8D32}, {0x8CC2,0x8D42}, {0x8CC3,0x8D41}, {0x8CC4,0x8D3F}, {0x8CC5,0x8D45}, {0x8CC7,0x8D44},
    {0x8CC8,0x8D3E}, {0x8CCA,0x8D3C}, {0x8CCF,0x8CCF}, {0x8CD1,0x8D48}, {0x8CD2,0x8D4A}, {0x8CD3,0x5BBE}, {0x8CD5,0x8D47}, {0x8CD9,0x8D52},
    {0x8CDA,0x8D49}, {0x8CDB,0x8CDB}, {0x8CDC,0x8D50}, {0x8CDD,0x8CDD}, {0x8CDE,0x8D4F}, {0x8CE0,0x8D54}, {0x8CE1,0x8D53}, {0x8CE2,0x8D24},
    {0x8CE3,0x5356}, {0x8CE4,0x8D31}, {0x8CE6,0x8D4B}, {0x8CE7,0x8D55}, {0x8CE8,0x8CE8}, {0x8CEA,0x8D28}, {0x8CEB,0x8D4D}, {0x8CEC,0x8D26},
    {0x8CED,0x8D4C}, {0x8CEE,0x8CEE}, {0x8CF4,0x8D56}, {0x8CF5,0x8CF5}, {0x8CF8,0x8CF8}, {0x8CFA,0x8D5A}, {0x8CFB,0x8D59}, {0x8CFC,0x8D2D},
    {0x8CFD,0x8D5B}, {0x8CFE,0x8D5C}, {0x8D04,0x8D3D}, {0x8D05,0x8D58}, {0x8D07,0x8D5F}, {0x8D08,0x8D60}, {0x8D09,0x8D09}, {0x8D0A,0x8D5E},
    {0x8D0D,0x8D61}, {0x8D0F,0x8D62}, {0x8D10,0x8D46}, {0x8D13,0x8D43}, {0x8D14,0x8D51}, {0x8D15,0x8D15}, {0x8D16,0x8D4E}, {0x8D17,0x8D5D},
    {0x8D1B,0x8D63}, {0x8D64,0x8D64}, {0x8D66,0x8D66}, {0x8D67,0x8D67}, {0x8D6B,0x8D6B}, {0x8D6C,0x8D6C}, {0x8D6D,0x8D6D}, {0x8D70,0x8D70},
    {0x8D71,0x8D71}, {0x8D73,0x8D73}, {0x8D74,0x8D74}, {0x8D77,0x8D77}, {0x8D78,0x8D78}, {0x8D81,0x8D81}, {0x8D82,0x8D82}, {0x8D84,0x8D84},
    {0x8D85,0x8D85}, {0x8D8A,0x8D8A}, {0x8D90,0x8D90}, {0x8D91,0x8D91}, {0x8D92,0x8D92}, {0x8D94,0x8D94}, {0x8D95,0x8D76}, {0x8D99,0x8D75},
    {0x8D9F,0x8D9F}, {0x8DA1,0x8DA1}, {0x8DA3,0x8DA3}, {0x8DA6,0x8DA6}, {0x8DA8,0x8D8B}, {0x8DAB,0x8DAB}, {0x8DAE,0x8DAE}, {0x8DAF,0x8DAF},
    {0x8DB2,0x8DB1}, {0x8DB3,0x8DB3}, {0x8DB4,0x8DB4}, {0x8DB5,0x8DB5}, {0x8DB7,0x8DB7}, {0x8DB9,0x8DB9}, {0x8DBA,0x8DBA}, {0x8DBC,0x8DBC},
    {0x8DBE,0x8DBE}, {0x8DBF,0x8DBF}, {0x8DC1,0x8DC1}, {0x8DC2,0x8DC2}, {0x8DC5,0x8DC5}, {0x8DC6,0x8DC6}, {0x8DCB,0x8DCB}, {0x8DCC,0x8DCC},
    {0x8DCE,0x8DCE}, {0x8DCF,0x8DCF}, {0x8DD0,0x8DD0}, {0x8DD1,0x8DD1}, {0x8DD5,0x8DD5}, {0x8DD6,0x8DD6}, {0x8DD7,0x8DD7}, {0x8DD9,0x8DD9},
    {0x8DDA,0x8DDA}, {0x8DDB,0x8DDB}, {0x8DDD,0x8DDD}, {0x8DDF,0x8DDF}, {0x8DE1,0x8FF9}, {0x8DE3,0x8DE3}, {0x8DE4,0x8DE4}, {0x8DE6,0x8DE6},
    {0x8DE7,0x8DE7}, {0x8DE8,0x8DE8}, {0x8DE9,0x8DE9}, {0x8DEA,0x8DEA}, {0x8DEB,0x8DEB}, {0x8DEC,0x8DEC}, {0x8DEE,0x8DEE}, {0x8DEF,0x8DEF},
    {0x8DF1,0x8DF1}, {0x8DF2,0x8DF2}, {0x8DF3,0x8DF3}, {0x8DF4,0x8DF4}, {0x8DFA,0x8DFA}, {0x8DFC,0x8DFC}, {0x8DFD,0x8DFD}, {0x8E05,0x8E05},
    {0x8E06,0x8E06}, {0x8E08,0x8E08}, {0x8E09,0x8E09}, {0x8E0A,0x8E0A}, {0x8E0F,0x8E0F}, {0x8E10,0x8DF5}, {0x8E12,0x8E12}, {0x8E14,0x8E14},
    {0x8E16,0x8E16}, {0x8E18,0x8E18}, {0x8E1C,0x8E1C}, {0x8E1D,0x8E1D}, {0x8E1E,0x8E1E}, {0x8E1F,0x8E1F}, {0x8E20,0x8E20}, {0x8E21,0x8E21},
    {0x8E22,0x8E22}, {0x8E23,0x8E23}, {0x8E24,0x8E24}, {0x8E25,0x8E25}, {0x8E26,0x8E26}, {0x8E27,0x8E27}, {0x8E29,0x8E29}, {0x8E2B,0x8E2B},
    {0x8E2E,0x8E2E}, {0x8E30,0x903E}, {0x8E31,0x8E31}, {0x8E34,0x8E0A}, {0x8E35,0x8E35}, {0x8E36,0x8E36}, {0x8E39,0x8E39}, {0x8E3A,0x8E3A},
    {0x8E3C,0x8E3C}, {0x8E3D,0x8E3D}, {0x8E40,0x8E40}, {0x8E41,0x8E41}, {0x8E42,0x8E42}, {0x8E44,0x8E44}, {0x8E47,0x8E47}, {0x8E48,0x8E48},
    {0x8E49,0x8E49}, {0x8E4A,0x8E4A}, {0x8E4B,0x8E4B}, {0x8E4C,0x8DC4}, {0x8E4E,0x8E4E}, {0x8E50,0x8E50}, {0x8E53,0x8E53}, {0x8E54,0x8E54},
    {0x8E55,0x8DF8}, {0x8E59,0x8E59}, {0x8E5A,0x8E5A}, {0x8E5C,0x8E5C}, {0x8E5D,0x8E5D}, {0x8E5F,0x8FF9}, {0x8E60,0x8E60}, {0x8E61,0x8E61},
    {0x8E62,0x8E62}, {0x8E63,0x8E52}, {0x8E64,0x8E2A}, {0x8E66,0x8E66}, {0x8E67,0x8E67}, {0x8E69,0x8E69}, {0x8E6A,0x8E6A}, {0x8E6C,0x8E6C},
    {0x8E6D,0x8E6D}, {0x8E6F,0x8E6F}, {0x8E72,0x8E72}, {0x8E74,0x8E74}, {0x8E76,0x8E76}, {0x8E7A,0x8DF7}, {0x8E7B,0x8E7B}, {0x8E7C,0x8E7C},
    {0x8E7D,0x8E7D}, {0x8E81,0x8E81}, {0x8E82,0x8DF6}, {0x8E83,0x8E83}, {0x8E84,0x8E84}, {0x8E85,0x8E85}, {0x8E87,0x8E87}, {0x8E89,0x8DB8},
    {0x8E8A,0x8E0C}, {0x8E8B,0x8DFB}, {0x8E8D,0x8DC3}, {0x8E90,0x8E90}, {0x8E91,0x8E2F}, {0x8E92,0x8DDE}, {0x8E93,0x8E2C}, {0x8E94,0x8E94},
    {0x8E95,0x8E70}, {0x8E98,0x8E98}, {0x8E99,0x8E99}, {0x8E9A,0x8DF9}, {0x8E9B,0x8E97}, {0x8E9D,0x8E9D}, {0x8E9E,0x8E9E}, {0x8EA0,0x8EA0},
    {0x8EA1,0x8E51}, {0x8EA5,0x8E7F}, {0x8EA6,0x8E9C}, {0x8EA7,0x8EA7}, {0x8EA9,0x8EA9}, {0x8EAA,0x8E8F}, {0x8EAB,0x8EAB}, {0x8EAC,0x8EAC},
    {0x8EAD,0x8EAD}, {0x8EB0,0x8EB0}, {0x8EB2,0x8EB2}, {0x8EB3,0x8EAC}, {0x8EB6,0x8EB6}, {0x8EBA,0x8EBA}, {0x8EC0,0x8EAF}, {0x8EC3,0x8EC3},
    {0x8EC6,0x8EC6}, {0x8ECA,0x8F66}, {0x8ECB,0x8F67}, {0x8ECC,0x8F68}, {0x8ECD,0x519B}, {0x8ECF,0x8ECF}, {0x8ED2,0x8F69}, {0x8ED4,0x8F6B},
    {0x8ED8,0x8ED8}, {0x8EDB,0x8F6D}, {0x8EDC,0x8EDC}, {0x8EDD,0x8EDD}, {0x8EDF,0x8F6F}, {0x8EE2,0x8EE2}, {0x8EE5,0x8EE5}, {0x8EE8,0x8EE8},
    {0x8EEB,0x8F78}, {0x8EED,0x8EED}, {0x8EF1,0x8EF1}, {0x8EF2,0x8F71}, {0x8EF7,0x8EF7}, {0x8EF8,0x8F74}, {0x8EF9,0x8F75}, {0x8EFA,0x8F7A},
    {0x8EFB,0x8F72}, {0x8EFC,0x8F76}, {0x8EFD,0x8EFD}, {0x8EFE,0x8F7C}, {0x8EFF,0x8EFF}, {0x8F00,0x8F00}, {0x8F02,0x8F02}, {0x8F03,0x8F83},
    {0x8F05,0x8F82}, {0x8F07,0x8F81}, {0x8F08,0x8F08}, {0x8F09,0x8F7D}, {0x8F0A,0x8F7E}, {0x8F12,0x8F84}, {0x8F13,0x633D}, {0x8F14,0x8F85},
    {0x8F15,0x8F7B}, {0x8F17,0x8F17}, {0x8F19,0x8F84}, {0x8F1B,0x8F86}, {0x8F1C,0x8F8E}, {0x8F1D,0x8F89}, {0x8F1E,0x8F8B}, {0x8F1F,0x8F8D},
    {0x8F20,0x8F20}, {0x8F24,0x8F24}, {0x8F25,0x8F8A}, {0x8F26,0x8F87}, {0x8F29,0x8F88}, {0x8F2A,0x8F6E}, {0x8F2C,0x8F2C}, {0x8F2D,0x8F2D},
    {0x8F2E,0x8F2E}, {0x8F2F,0x8F91}, {0x8F33,0x8F8F}, {0x8F34,0x8F34}, {0x8F35,0x8F35}, {0x8F36,0x8F36}, {0x8F38,0x8F93}, {0x8F39,0x8F39},
    {0x8F3B,0x8F90}, {0x8F3C,0x8F3C}, {0x8F3E,0x8F97}, {0x8F3F,0x8206}, {0x8F40,0x8F92}, {0x8F42,0x6BC2}, {0x8F44,0x8F96}, {0x8F45,0x8F95},
    {0x8F46,0x8F98}, {0x8F47,0x8F47}, {0x8F49,0x8F6C}, {0x8F4D,0x8F99}, {0x8F4E,0x8F7F}, {0x8F4F,0x8F4F}, {0x8F51,0x8F51}, {0x8F52,0x8F52},
    {0x8F54,0x8F9A}, {0x8F55,0x8F55}, {0x8F56,0x8F56}, {0x8F57,0x8F57}, {0x8F58,0x8F58}, {0x8F59,0x8F59}, {0x8F5D,0x8F5D}, {0x8F5E,0x8F5E},
    {0x8F5F,0x8F70}, {0x8F61,0x8F94}, {0x8F62,0x8F79}, {0x8F64,0x8F73}, {0x8F9B,0x8F9B}, {0x8F9C,0x8F9C}, {0x8F9F,0x8F9F}, {0x8FA0,0x7F6A},
    {0x8FA2,0x8FA3}, {0x8FA3,0x8FA3}, {0x8FA4,0x8F9E}, {0x8FA6,0x529E}, {0x8FA8,0x8FA8}, {0x8FAD,0x8F9E}, {0x8FAE,0x8FAB}, {0x8FAF,0x8FA9},
    {0x8FB0,0x8FB0}, {0x8FB1,0x8FB1}, {0x8FB2,0x519C}, {0x8FB5,0x8FB5}, {0x8FB6,0x8FB6}, {0x8FBA,0x8FBA}, {0x8FBC,0x8FBC}, {0x8FBF,0x8FBF},
    {0x8FC2,0x8FC2}, {0x8FC4,0x8FC4}, {0x8FC5,0x8FC5}, {0x8FCB,0x8FCB}, {0x8FCD,0x8FCD}, {0x8FCE,0x8FCE}, {0x8FD1,0x8FD1}, {0x8FD3,0x8FD3},
    {0x8FD4,0x8FD4}, {0x8FD5,0x8FD5}, {0x8FE2,0x8FE2}, {0x8FE3,0x8FE3}, {0x8FE4,0x8FE4}, {0x8FE5,0x8FE5}, {0x8FE6,0x8FE6}, {0x8FE8,0x8FE8},
    {0x8FEA,0x8FEA}, {0x8FEB,0x8FEB}, {0x8FED,0x8FED}, {0x8FEE,0x8FEE}, {0x8FF0,0x8FF0}, {0x8FF4,0x56DE}, {0x8FF7,0x8FF7}, {0x8FF8,0x8FF8},
    {0x8FF9,0x8FF9}, {0x8FFA,0x8FFA}, {0x8FFB,0x8FFB}, {0x8FFD,0x8FFD}, {0x8FFF,0x8FFF}, {0x9000,0x9000}, {0x9001,0x9001}, {0x9002,0x9002},
    {0x9003,0x9003}, {0x9004,0x9004}, {0x9005,0x9005}, {0x9006,0x9006}, {0x900B,0x900B}, {0x900C,0x900C}, {0x900D,0x900D}, {0x900F,0x900F},
    {0x9010,0x9010}, {0x9011,0x9011}, {0x9013,0x9013}, {0x9014,0x9014}, {0x9015,0x8FF3}, {0x9016,0x9016}, {0x9017,0x9017}, {0x9019,0x8FD9},
    {0x901A,0x901A}, {0x901B,0x901B}, {0x901D,0x901D}, {0x901E,0x901E}, {0x901F,0x901F}, {0x9020,0x9020}, {0x9021,0x9021}, {0x9022,0x9022},
    {0x9023,0x8FDE}, {0x902D,0x902D}, {0x902E,0x902E}, {0x902F,0x902F}, {0x9031,0x5468}, {0x9032,0x8FDB}, {0x9034,0x9034}, {0x9035,0x9035},
    {0x9036,0x9036}, {0x9038,0x9038}, {0x9039,0x9039}, {0x903C,0x903C}, {0x903E,0x903E}, {0x9041,0x9041}, {0x9042,0x9042}, {0x9044,0x9044},
    {0x9045,0x9045}, {0x9047,0x9047}, {0x9049,0x4FA6}, {0x904A,0x6E38}, {0x904B,0x8FD0}, {0x904D,0x904D}, {0x904E,0x8FC7}, {0x904F,0x904F},
    {0x9050,0x9050}, {0x9051,0x9051}, {0x9052,0x9052}, {0x9053,0x9053}, {0x9054,0x8FBE}, {0x9055,0x8FDD}, {0x9058,0x9058}, {0x9059,0x9065},
    {0x905B,0x905B}, {0x905C,0x900A}, {0x905D,0x905D}, {0x905E,0x9012}, {0x9060,0x8FDC}, {0x9062,0x9062}, {0x9063,0x9063}, {0x9068,0x9068},
    {0x9069,0x9002}, {0x906B,0x906B}, {0x906D,0x906D}, {0x906E,0x906E}, {0x906F,0x906F}, {0x9070,0x9070}, {0x9072,0x8FDF}, {0x9074,0x9074},
    {0x9075,0x9075}, {0x9076,0x7ED5}, {0x9077,0x8FC1}, {0x9078,0x9009}, {0x9079,0x9079}, {0x907A,0x9057}, {0x907B,0x907B}, {0x907C,0x8FBD},
    {0x907D,0x907D}, {0x907F,0x907F}, {0x9080,0x9080}, {0x9081,0x8FC8}, {0x9082,0x9082}, {0x9083,0x9083}, {0x9084,0x8FD8}, {0x9085,0x9085},
    {0x9087,0x8FE9}, {0x9088,0x9088}, {0x9089,0x9089}, {0x908A,0x8FB9}, {0x908B,0x908B}, {0x908E,0x908E}, {0x908F,0x903B}, {0x9090,0x9026},
    {0x9091,0x9091}, {0x9095,0x9095}, {0x9097,0x9097}, {0x9098,0x9098}, {0x9099,0x9099}, {0x909B,0x909B}, {0x90A0,0x90A0}, {0x90A1,0x90A1},
    {0x90A2,0x90A2}, {0x90A3,0x90A3}, {0x90A6,0x90A6}, {0x90A7,0x90A7}, {0x90A8,0x90A8}, {0x90AA,0x90AA}, {0x90AF,0x90AF}, {0x90B0,0x90B0},
    {0x90B1,0x90B1}, {0x90B2,0x90B2}, {0x90B3,0x90B3}, {0x90B4,0x90B4}, {0x90B5,0x90B5}, {0x90B6,0x90B6}, {0x90B7,0x90B7}, {0x90B8,0x90B8},
    {0x90BD,0x90BD}, {0x90BE,0x90BE}, {0x90BF,0x90BF}, {0x90C1,0x90C1}, {0x90C3,0x90C3}, {0x90C4,0x90C4}, {0x90C5,0x90C5}, {0x90C7,0x90C7},
    {0x90C8,0x90C8}, {0x90CA,0x90CA}, {0x90CE,0x90CE}, {0x90D4,0x90D4}, {0x90D5,0x90D5}, {0x90D7,0x90D7}, {0x90D9,0x90D9}, {0x90DA,0x90DA},
    {0x90DB,0x90DB}, {0x90DC,0x90DC}, {0x90DD,0x90DD}, {0x90DE,0x90DE}, {0x90DF,0x90CF}, {0x90E0,0x90E0}, {0x90E1,0x90E1}, {0x90E2,0x90E2},
    {0x90E4,0x90E4}, {0x90E8,0x90E8}, {0x90EA,0x90EA}, {0x90EB,0x90EB}, {0x90ED,0x90ED}, {0x90EF,0x90EF}, {0x90F0,0x90F0}, {0x90F2,0x90F2},
    {0x90F3,0x90F3}, {0x90F4,0x90F4}, {0x90F5,0x90AE}, {0x90F7,0x90F7}, {0x90F9,0x90F9}, {0x90FD,0x90FD}, {0x90FE,0x90FE}, {0x90FF,0x90FF},
    {0x9100,0x9100}, {0x9102,0x9102}, {0x9104,0x9104}, {0x9106,0x90D3}, {0x9107,0x9107}, {0x9108,0x9108}, {0x9109,0x4E61}, {0x910B,0x910B},
    {0x910D,0x910D}, {0x910E,0x910E}, {0x910F,0x910F}, {0x9110,0x9110}, {0x9111,0x9111}, {0x9112,0x90B9}, {0x9114,0x90AC}, {0x9115,0x9115},
    {0x9116,0x90E7}, {0x9117,0x9117}, {0x9118,0x9118}, {0x9119,0x9119}, {0x911A,0x911A}, {0x911C,0x911C}, {0x911E,0x911E}, {0x9120,0x9120},
    {0x9122,0x9122}, {0x9123,0x9123}, {0x9124,0x9124}, {0x9126,0x9126}, {0x9127,0x9093}, {0x9129,0x9129}, {0x912B,0x912B}, {0x912C,0x912C},
    {0x912D,0x90D1}, {0x912E,0x912E}, {0x912F,0x912F}, {0x9130,0x90BB}, {0x9131,0x9131}, {0x9132,0x90F8}, {0x9134,0x90BA}, {0x9136,0x90D0},
    {0x9137,0x9137}, {0x9139,0x9139}, {0x913A,0x909D}, {0x913B,0x913B}, {0x913E,0x913E}, {0x913F,0x913F}, {0x9143,0x9143}, {0x9145,0x9145},
    {0x9146,0x9146}, {0x9147,0x9147}, {0x9148,0x90E6}, {0x9149,0x9149}, {0x914A,0x914A}, {0x914B,0x914B}, {0x914C,0x914C}, {0x914D,0x914D},
    {0x914E,0x914E}, {0x914F,0x914F}, {0x9150,0x9150}, {0x9152,0x9152}, {0x9154,0x9154}, {0x9155,0x9155}, {0x9156,0x9156}, {0x9157,0x9157},
    {0x915A,0x915A}, {0x915E,0x915E}, {0x9161,0x9161}, {0x9162,0x9162}, {0x9163,0x9163}, {0x9164,0x9164}, {0x9165,0x9165}, {0x9169,0x9169},
    {0x916A,0x916A}, {0x916C,0x916C}, {0x916E,0x916E}, {0x916F,0x916F}, {0x9170,0x9170}, {0x9172,0x9172}, {0x9174,0x9174}, {0x9175,0x9175},
    {0x9176,0x9176}, {0x9177,0x9177}, {0x9178,0x9178}, {0x9179,0x9179}, {0x917A,0x917A}, {0x9181,0x9181}, {0x9183,0x814C}, {0x9184,0x9184},
    {0x9185,0x9185}, {0x9186,0x9186}, {0x9187,0x9187}, {0x9189,0x9189}, {0x918A,0x918A}, {0x918B,0x918B}, {0x918C,0x918C}, {0x918D,0x918D},
    {0x9190,0x9190}, {0x9191,0x9191}, {0x9192,0x9192}, {0x9193,0x9193}, {0x9196,0x9196}, {0x919A,0x919A}, {0x919B,0x919B}, {0x919C,0x4E11},
    {0x919D,0x919D}, {0x919E,0x915D}, {0x91A1,0x91A1}, {0x91A2,0x91A2}, {0x91A3,0x91A3}, {0x91A4,0x91A4}, {0x91A8,0x91A8}, {0x91AA,0x91AA},
    {0x91AB,0x533B}, {0x91AC,0x9171}, {0x91AD,0x91AD}, {0x91AE,0x91AE}, {0x91AF,0x91AF}, {0x91B0,0x91B0}, {0x91B1,0x9166}, {0x91B2,0x91B2},
    {0x91B4,0x91B4}, {0x91B5,0x91B5}, {0x91B8,0x91B8}, {0x91B9,0x91B9}, {0x91BA,0x91BA}, {0x91BC,0x91BC}, {0x91BD,0x91BD}, {0x91BE,0x91BE},
    {0x91C0,0x917F}, {0x91C1,0x8845}, {0x91C2,0x91C2}, {0x91C3,0x917E}, {0x91C5,0x917D}, {0x91C6,0x91C6}, {0x91C7,0x91C7}, {0x91C8,0x91C8},
    {0x91C9,0x91C9}, {0x91CB,0x91CA}, {0x91CC,0x91CC}, {0x91CD,0x91CD}, {0x91CE,0x91CE}, {0x91CF,0x91CF}, {0x91D0,0x5398}, {0x91D1,0x91D1},
    {0x91D3,0x9486}, {0x91D4,0x9487}, {0x91D5,0x948C}, {0x91D7,0x948A}, {0x91D8,0x9489}, {0x91D9,0x948B}, {0x91DC,0x91DC}, {0x91DD,0x9488},
    {0x91E3,0x9493}, {0x91E4,0x9490}, {0x91E6,0x6263}, {0x91E7,0x948F}, {0x91E9,0x9492}, {0x91EA,0x91EA}, {0x91EC,0x91EC}, {0x91ED,0x91ED},
    {0x91F1,0x91F1}, {0x91F3,0x91F3}, {0x91F5,0x9497}, {0x91F7,0x948D}, {0x91F8,0x91F8}, {0x91F9,0x9495}, {0x91FA,0x948E}, {0x9200,0x94AF},
    {0x9201,0x94AB}, {0x9203,0x9203}, {0x9204,0x94AD}, {0x9206,0x9206}, {0x9207,0x9207}, {0x9208,0x949A}, {0x9209,0x94A0}, {0x920A,0x920A},
    {0x920C,0x920C}, {0x920D,0x949D}, {0x920E,0x94A9}, {0x9210,0x94A4}, {0x9211,0x94A3}, {0x9212,0x9212}, {0x9214,0x949E}, {0x9215,0x94AE},
    {0x921E,0x94A7}, {0x9223,0x9499}, {0x9224,0x9224}, {0x9225,0x94AC}, {0x9226,0x949B}, {0x9227,0x94AA}, {0x922C,0x922C}, {0x922E,0x94CC},
    {0x9230,0x94C8}, {0x9233,0x94B6}, {0x9234,0x94C3}, {0x9237,0x94B4}, {0x9238,0x94B9}, {0x9239,0x94CD}, {0x923A,0x94B0}, {0x923D,0x94B8},
    {0x923E,0x94C0}, {0x923F,0x94BF}, {0x9240,0x94BE}, {0x9244,0x9244}, {0x9245,0x949C}, {0x9246,0x9246}, {0x9248,0x94CA}, {0x9249,0x94C9},
    {0x924B,0x94C7}, {0x924C,0x924C}, {0x924D,0x94CB}, {0x924F,0x924F}, {0x9251,0x94C2}, {0x9255,0x94B7}, {0x9257,0x94B3}, {0x925A,0x94C6},
    {0x925B,0x94C5}, {0x925E,0x94BA}, {0x9262,0x94B5}, {0x9264,0x94A9}, {0x9265,0x9265}, {0x9266,0x94B2}, {0x9268,0x9268}, {0x926C,0x94BC},
    {0x926D,0x94BD}, {0x9271,0x9271}, {0x9272,0x9272}, {0x9276,0x9276}, {0x9278,0x94F0}, {0x927A,0x94D2}, {0x927B,0x94EC}, {0x927C,0x927C},
    {0x927E,0x927E}, {0x927F,0x94EA}, {0x9280,0x94F6}, {0x9283,0x94F3}, {0x9285,0x94DC}, {0x928D,0x928D}, {0x928E,0x928E}, {0x9291,0x94E3},
    {0x9293,0x94E8}, {0x9295,0x9295}, {0x9296,0x94E2}, {0x9298,0x94ED}, {0x929A,0x94EB}, {0x929B,0x94E6}, {0x929C,0x8854}, {0x92A0,0x94D1},
    {0x92A3,0x94F7}, {0x92A4,0x92A4}, {0x92A5,0x94F1}, {0x92A6,0x94DF}, {0x92A7,0x92A7}, {0x92A8,0x94F5}, {0x92A9,0x94E5}, {0x92AA,0x94D5},
    {0x92AB,0x94EF}, {0x92AC,0x94D0}, {0x92AD,0x92AD}, {0x92B0,0x92B0}, {0x92B2,0x710A}, {0x92B3,0x9510}, {0x92B6,0x92B6}, {0x92B7,0x9500},
    {0x92B9,0x9508}, {0x92BB,0x9511}, {0x92BC,0x9509}, {0x92BE,0x6C5E}, {0x92C1,0x94DD}, {0x92C2,0x92C2}, {0x92C3,0x9512}, {0x92C5,0x950C},
    {0x92C6,0x92C6}, {0x92C7,0x94A1}, {0x92C8,0x92C8}, {0x92CA,0x92CA}, {0x92CC,0x94E4}, {0x92CD,0x92CD}, {0x92CF,0x94D7}, {0x92D0,0x92D0},
    {0x92D1,0x92D1}, {0x92D2,0x950B}, {0x92D5,0x92D5}, {0x92D8,0x92D8}, {0x92D9,0x92D9}, {0x92DD,0x950A}, {0x92DF,0x9513}, {0x92E4,0x9504},
    {0x92E5,0x9503}, {0x92E6,0x9514}, {0x92E8,0x9507}, {0x92E9,0x94D3}, {0x92EA,0x94FA}, {0x92ED,0x92ED}, {0x92EE,0x94D6}, {0x92EF,0x9506},
    {0x92F0,0x9502}, {0x92F1,0x94FD}, {0x92F3,0x92F3}, {0x92F8,0x952F}, {0x92F9,0x92F9}, {0x92FA,0x92FA}, {0x92FB,0x9274}, {0x92FC,0x94A2},
    {0x9300,0x9300}, {0x9301,0x951E}, {0x9304,0x5F55}, {0x9306,0x9516}, {0x9307,0x952B}, {0x9308,0x9529}, {0x930D,0x930D}, {0x930F,0x94D4},
    {0x9310,0x9525}, {0x9312,0x9515}, {0x9314,0x9314}, {0x9315,0x951F}, {0x9318,0x9524}, {0x9319,0x9531}, {0x931A,0x94EE}, {0x931B,0x951B},
    {0x931E,0x931E}, {0x931F,0x952C}, {0x9320,0x952D}, {0x9321,0x951C}, {0x9322,0x94B1}, {0x9324,0x9324}, {0x9326,0x9526}, {0x9328,0x951A},
    {0x9329,0x9329}, {0x932B,0x9521}, {0x932C,0x932C}, {0x932E,0x9522}, {0x932F,0x9519}, {0x9332,0x9332}, {0x9333,0x9530}, {0x9336,0x8868},
    {0x9338,0x94FC}, {0x933C,0x933C}, {0x9340,0x951D}, {0x9341,0x9528}, {0x9346,0x9494}, {0x9347,0x9534}, {0x9349,0x9349}, {0x934A,0x70BC},
    {0x934B,0x9505}, {0x934D,0x9540}, {0x934F,0x934F}, {0x9350,0x9350}, {0x9354,0x9537}, {0x9358,0x94E1}, {0x935A,0x935A}, {0x935B,0x953B},
    {0x9360,0x953D}, {0x9364,0x9538}, {0x9365,0x9532}, {0x9369,0x9518}, {0x936A,0x936A}, {0x936B,0x936B}, {0x936C,0x9539}, {0x936D,0x936D},
    {0x9370,0x953E}, {0x9371,0x9371}, {0x9374,0x9374}, {0x9375,0x952E}, {0x9376,0x9536}, {0x9379,0x9379}, {0x937A,0x9517}, {0x937C,0x9488},
    {0x937E,0x953A}, {0x9382,0x9541}, {0x9384,0x953F}, {0x9387,0x9545}, {0x9389,0x9389}, {0x938A,0x9551}, {0x938B,0x938B}, {0x938C,0x938C},
    {0x938D,0x938D}, {0x938F,0x938F}, {0x9392,0x9392}, {0x9393,0x9393}, {0x9394,0x9555}, {0x9396,0x9501}, {0x9397,0x9397}, {0x9398,0x9549},
    {0x939A,0x939A}, {0x939B,0x9548}, {0x939E,0x939E}, {0x93A1,0x9543}, {0x93A2,0x94A8}, {0x93A3,0x84E5}, {0x93A4,0x93A4}, {0x93A6,0x954F},
    {0x93A7,0x94E0}, {0x93A9,0x94E9}, {0x93AA,0x953C}, {0x93AC,0x9550}, {0x93AD,0x93AD}, {0x93AE,0x9547}, {0x93AF,0x93AF}, {0x93B0,0x9552},
    {0x93B3,0x954D}, {0x93B4,0x93B4}, {0x93B5,0x9553}, {0x93B8,0x93B8}, {0x93B9,0x93B9}, {0x93BF,0x954E}, {0x93C3,0x955E}, {0x93C7,0x955F},
    {0x93C8,0x94FE}, {0x93CA,0x93CA}, {0x93CC,0x9546}, {0x93D0,0x9560}, {0x93D1,0x955D}, {0x93D6,0x93D6}, {0x93D7,0x94FF}, {0x93D8,0x9535},
    {0x93DA,0x93DA}, {0x93DC,0x9557}, {0x93DD,0x9558}, {0x93DE,0x955B}, {0x93DF,0x94F2}, {0x93E0,0x93E0}, {0x93E1,0x955C}, {0x93E2,0x9556},
    {0x93E4,0x9542}, {0x93E6,0x93E6}, {0x93E8,0x933E}, {0x93F0,0x955A}, {0x93F5,0x94E7}, {0x93F7,0x9564}, {0x93F8,0x93F8}, {0x93F9,0x956A},
    {0x93FB,0x93FB}, {0x93FD,0x93FD}, {0x93FE,0x93FE}, {0x9403,0x94D9}, {0x9404,0x9404}, {0x9407,0x9407}, {0x940F,0x940F}, {0x9410,0x9563},
    {0x9412,0x94F9}, {0x9413,0x9566}, {0x9414,0x9561}, {0x9417,0x9417}, {0x9418,0x949F}, {0x9419,0x956B}, {0x941D,0x9562}, {0x9420,0x9568},
    {0x9421,0x9421}, {0x9426,0x950E}, {0x9427,0x950F}, {0x9428,0x9544}, {0x9429,0x9429}, {0x942B,0x954C}, {0x942C,0x942C}, {0x942E,0x9570},
    {0x9431,0x9431}, {0x9432,0x956F}, {0x9433,0x956D}, {0x9435,0x94C1}, {0x9436,0x9436}, {0x9438,0x94CE}, {0x943A,0x94DB}, {0x943B,0x943B},
    {0x943D,0x943D}, {0x943F,0x9571}, {0x9440,0x9440}, {0x9444,0x94F8}, {0x9445,0x9445}, {0x944A,0x956C}, {0x944C,0x9554}, {0x9450,0x9450},
    {0x9451,0x9274}, {0x9452,0x9274}, {0x9454,0x9572}, {0x9455,0x9455}, {0x945A,0x945A}, {0x945B,0x945B}, {0x945E,0x9574}, {0x9460,0x94C4},
    {0x9462,0x9462}, {0x9463,0x9573}, {0x9464,0x9464}, {0x9465,0x9565}, {0x946A,0x946A}, {0x946B,0x946B}, {0x946D,0x9567}, {0x946F,0x946F},
    {0x9470,0x94A5}, {0x9471,0x9471}, {0x9472,0x9576}, {0x9474,0x9474}, {0x9475,0x9475}, {0x9477,0x954A}, {0x947C,0x9523}, {0x947D,0x94BB},
    {0x947E,0x92AE}, {0x947F,0x51FF}, {0x9481,0x9562}, {0x9483,0x9483}, {0x9577,0x957F}, {0x957B,0x957B}, {0x9580,0x95E8}, {0x9582,0x95E9},
    {0x9583,0x95EA}, {0x9586,0x95EB}, {0x9588,0x95EC}, {0x9589,0x95ED}, {0x958B,0x5F00}, {0x958C,0x95F6}, {0x958E,0x95F3}, {0x958F,0x95F0},
    {0x9591,0x95F2}, {0x9592,0x9592}, {0x9593,0x95F4}, {0x9594,0x95F5}, {0x9597,0x9597}, {0x9598,0x95F8}, {0x959F,0x959F}, {0x95A1,0x9602},
    {0x95A2,0x95A2}, {0x95A3,0x9601}, {0x95A4,0x95A4}, {0x95A5,0x9600}, {0x95A6,0x95A6}, {0x95A7,0x54C4}, {0x95A8,0x95FA}, {0x95A9,0x95FD},
    {0x95AB,0x9603}, {0x95AC,0x9606}, {0x95AD,0x95FE}, {0x95B1,0x9605}, {0x95B2,0x95B2}, {0x95B6,0x960A}, {0x95B9,0x9609}, {0x95BA,0x95BA},
    {0x95BB,0x960E}, {0x95BC,0x960F}, {0x95BD,0x960D}, {0x95BE,0x9608}, {0x95BF,0x960C}, {0x95C3,0x9612}, {0x95C6,0x677F}, {0x95C7,0x6697},
    {0x95C8,0x95F1}, {0x95C9,0x95C9}, {0x95CA,0x9614}, {0x95CB,0x9615}, {0x95CC,0x9611}, {0x95CD,0x9607}, {0x95D0,0x9617}, {0x95D1,0x95D1},
    {0x95D2,0x95D2}, {0x95D3,0x95FF}, {0x95D4,0x9616}, {0x95D5,0x9619}, {0x95D6,0x95EF}, {0x95D8,0x95D8}, {0x95DA,0x95DA}, {0x95DC,0x5173},
    {0x95DE,0x961A}, {0x95DF,0x95DF}, {0x95E0,0x95E0}, {0x95E1,0x9610}, {0x95E2,0x8F9F}, {0x95E4,0x95E4}, {0x95E5,0x95FC}, {0x961C,0x961C},
    {0x961E,0x961E}, {0x9621,0x9621}, {0x9622,0x9622}, {0x9624,0x9624}, {0x9628,0x9628}, {0x962A,0x962A}, {0x962C,0x962C}, {0x962E,0x962E},
    {0x962F,0x962F}, {0x9631,0x9631}, {0x9632,0x9632}, {0x9639,0x9639}, {0x963B,0x963B}, {0x963C,0x963C}, {0x963D,0x963D}, {0x963F,0x963F},
    {0x9640,0x9640}, {0x9641,0x9641}, {0x9642,0x9642}, {0x9644,0x9644}, {0x964B,0x964B}, {0x964C,0x964C}, {0x964D,0x964D}, {0x9650,0x9650},
    {0x9651,0x9651}, {0x9654,0x9654}, {0x9658,0x9649}, {0x965B,0x965B}, {0x965C,0x965C}, {0x965D,0x9655}, {0x965E,0x5347}, {0x965F,0x965F},
    {0x9661,0x9661}, {0x9662,0x9662}, {0x9663,0x9635}, {0x9664,0x9664}, {0x9665,0x9665}, {0x966A,0x966A}, {0x966C,0x966C}, {0x9670,0x9634},
    {0x9672,0x9672}, {0x9673,0x9648}, {0x9674,0x9674}, {0x9675,0x9675}, {0x9676,0x9676}, {0x9677,0x9677}, {0x9678,0x9646}, {0x967A,0x967A},
    {0x967C,0x967C}, {0x967D,0x9633}, {0x967E,0x967E}, {0x9682,0x9634}, {0x9683,0x9683}, {0x9684,0x5824}, {0x9685,0x9685}, {0x9686,0x9686},
    {0x9688,0x9688}, {0x9689,0x9667}, {0x968A,0x961F}, {0x968B,0x968B}, {0x968D,0x968D}, {0x968E,0x9636}, {0x9692,0x9692}, {0x9694,0x9694},
    {0x9695,0x9668}, {0x9697,0x9697}, {0x9698,0x9698}, {0x9699,0x9699}, {0x969B,0x9645}, {0x969C,0x969C}, {0x969E,0x969E}, {0x96A0,0x96A0},
    {0x96A3,0x96A3}, {0x96A4,0x96A4}, {0x96A7,0x96A7}, {0x96A8,0x968F}, {0x96A9,0x96A9}, {0x96AA,0x9669}, {0x96AE,0x96AE}, {0x96B0,0x96B0},
    {0x96B1,0x9690}, {0x96B3,0x96B3}, {0x96B4,0x9647}, {0x96B7,0x96B7}, {0x96B8,0x96B6}, {0x96B9,0x96B9}, {0x96BB,0x53EA}, {0x96BC,0x96BC},
    {0x96C0,0x96C0}, {0x96C1,0x96C1}, {0x96C2,0x96C2}, {0x96C4,0x96C4}, {0x96C5,0x96C5}, {0x96C6,0x96C6}, {0x96C7,0x96C7}, {0x96C8,0x96C8},
    {0x96C9,0x96C9}, {0x96CA,0x96CA}, {0x96CB,0x96BD}, {0x96CC,0x96CC}, {0x96CD,0x96CD}, {0x96CE,0x96CE}, {0x96D1,0x96D1}, {0x96D2,0x96D2},
    {0x96D5,0x96D5}, {0x96D6,0x867D}, {0x96D7,0x96D7}, {0x96D8,0x96D8}, {0x96D9,0x53CC}, {0x96DA,0x96DA}, {0x96DB,0x96CF}, {0x96DC,0x6742},
    {0x96DD,0x96DD}, {0x96DE,0x9E21}, {0x96DF,0x96DF}, {0x96E2,0x79BB}, {0x96E3,0x96BE}, {0x96E8,0x96E8}, {0x96E9,0x96E9}, {0x96EA,0x96EA},
    {0x96EF,0x96EF}, {0x96F0,0x96F0}, {0x96F1,0x96F1}, {0x96F2,0x4E91}, {0x96F6,0x96F6}, {0x96F7,0x96F7}, {0x96F9,0x96F9}, {0x96FB,0x7535},
    {0x9700,0x9700}, {0x9702,0x9702}, {0x9704,0x9704}, {0x9705,0x9705}, {0x9706,0x9706}, {0x9707,0x9707}, {0x9708,0x9708}, {0x9709,0x9709},
    {0x970A,0x970A}, {0x970D,0x970D}, {0x970E,0x970E}, {0x970F,0x970F}, {0x9711,0x6CBE}, {0x9712,0x9712}, {0x9713,0x9713}, {0x9716,0x9716},
    {0x9719,0x9719}, {0x971C,0x971C}, {0x971D,0x971D}, {0x971E,0x971E}, {0x9722,0x9722}, {0x9723,0x9723}, {0x9724,0x9724}, {0x9727,0x96FE},
    {0x9728,0x9728}, {0x9729,0x9729}, {0x972A,0x972A}, {0x972B,0x972B}, {0x972E,0x972E}, {0x9730,0x9730}, {0x9732,0x9732}, {0x9738,0x9738},
    {0x9739,0x9739}, {0x973D,0x9701}, {0x973E,0x973E}, {0x9741,0x9741}, {0x9742,0x96F3}, {0x9744,0x972D}, {0x9746,0x53C7}, {0x9748,0x7075},
    {0x9749,0x53C6}, {0x9751,0x9751}, {0x9752,0x9752}, {0x9756,0x9756}, {0x975A,0x9753}, {0x975B,0x975B}, {0x975C,0x9759}, {0x975E,0x975E},
    {0x9760,0x9760}, {0x9761,0x9761}, {0x9762,0x9762}, {0x9763,0x9763}, {0x9766,0x817C}, {0x9768,0x9765}, {0x9769,0x9769}, {0x976A,0x976A},
    {0x976C,0x976C}, {0x976E,0x976E}, {0x9770,0x9770}, {0x9773,0x9773}, {0x9774,0x9774}, {0x9776,0x9776}, {0x9777,0x9777}, {0x9778,0x9778},
    {0x977A,0x977A}, {0x977C,0x977C}, {0x977F,0x977F}, {0x9780,0x9780}, {0x9783,0x9783}, {0x9784,0x9784}, {0x9785,0x9785}, {0x978B,0x978B},
    {0x978C,0x978D}, {0x978D,0x978D}, {0x978F,0x5DE9}, {0x9797,0x9797}, {0x9798,0x9798}, {0x9799,0x9799}, {0x979A,0x979A}, {0x979D,0x979D},
    {0x979E,0x979E}, {0x97A0,0x97A0}, {0x97A1,0x97A1}, {0x97A3,0x97A3}, {0x97A6,0x79CB}, {0x97A8,0x97A8}, {0x97AB,0x97AB}, {0x97AC,0x97AC},
    {0x97AD,0x97AD}, {0x97AE,0x97AE}, {0x97B6,0x97B6}, {0x97B9,0x97B9}, {0x97BE,0x97BE}, {0x97C1,0x7F30}, {0x97C3,0x9791}, {0x97C5,0x97C5},
    {0x97C6,0x5343}, {0x97C9,0x97AF}, {0x97CB,0x97E6}, {0x97CC,0x97E7}, {0x97CD,0x97CD}, {0x97CE,0x97CE}, {0x97D3,0x97E9}, {0x97D4,0x97D4},
    {0x97D6,0x97D6}, {0x97D8,0x97D8}, {0x97D9,0x97EA}, {0x97DC,0x97EC}, {0x97DD,0x97DD}, {0x97DE,0x97EB}, {0x97E1,0x97E1}, {0x97E3,0x97E3},
    {0x97ED,0x97ED}, {0x97EE,0x97ED}, {0x97F1,0x97F1}, {0x97F3,0x97F3}, {0x97F6,0x97F6}, {0x97F9,0x97F9}, {0x97FA,0x97FA}, {0x97FB,0x97F5},
    {0x97FF,0x54CD}, {0x9800,0x9800}, {0x9801,0x9875}, {0x9802,0x9876}, {0x9803,0x9877}, {0x9804,0x9804}, {0x9805,0x9879}, {0x9806,0x987A},
    {0x9807,0x9878}, {0x9808,0x987B}, {0x980A,0x987C}, {0x980C,0x9882}, {0x980D,0x980D}, {0x980E,0x9880}, {0x980F,0x9883}, {0x9810,0x9884},
    {0x9811,0x987D}, {0x9812,0x9881}, {0x9813,0x987F}, {0x9816,0x9816}, {0x9817,0x9887}, {0x9818,0x9886}, {0x981C,0x988C}, {0x981E,0x981E},
    {0x9820,0x9820}, {0x9821,0x9889}, {0x9824,0x9890}, {0x9826,0x988F}, {0x982B,0x982B}, {0x982C,0x982C}, {0x982D,0x5934}, {0x982F,0x982F},
    {0x9830,0x988A}, {0x9832,0x9832}, {0x9834,0x9895}, {0x9837,0x9894}, {0x9838,0x9888}, {0x9839,0x9893}, {0x983B,0x9891}, {0x983C,0x983C},
    {0x9846,0x9897}, {0x9847,0x60B4}, {0x984B,0x984B}, {0x984C,0x9898}, {0x984D,0x989D}, {0x984E,0x989A}, {0x984F,0x989C}, {0x9851,0x9851},
    {0x9852,0x9899}, {0x9853,0x989B}, {0x9854,0x989C}, {0x9855,0x9855}, {0x9857,0x9857}, {0x9858,0x613F}, {0x9859,0x98A1}, {0x985A,0x985A},
    {0x985B,0x98A0}, {0x985C,0x985C}, {0x985E,0x7C7B}, {0x9862,0x989F}, {0x9863,0x9863}, {0x9865,0x98A2}, {0x9867,0x987E}, {0x986B,0x98A4},
    {0x986C,0x98A5}, {0x986F,0x663E}, {0x9870,0x98A6}, {0x9871,0x9885}, {0x9873,0x989E}, {0x9874,0x98A7}, {0x98A8,0x98CE}, {0x98AD,0x98D0},
    {0x98AE,0x98D1}, {0x98AF,0x98D2}, {0x98B1,0x53F0}, {0x98B3,0x522E}, {0x98B6,0x98D3}, {0x98B8,0x98B8}, {0x98BA,0x98CF}, {0x98BB,0x98D6},
    {0x98BC,0x98D5}, {0x98BD,0x98BD}, {0x98BE,0x98BE}, {0x98BF,0x98BF}, {0x98C0,0x98C0}, {0x98C2,0x98C2}, {0x98C4,0x98D8}, {0x98C6,0x98D9},
    {0x98C8,0x98DA}, {0x98CC,0x98CC}, {0x98DB,0x98DE}, {0x98DC,0x7FFB}, {0x98DF,0x98DF}, {0x98E1,0x98E1}, {0x98E2,0x9965}, {0x98E3,0x98E3},
    {0x98E4,0x9972}, {0x98E5,0x98E5}, {0x98E7,0x98E7}, {0x98E9,0x9968}, {0x98EA,0x996A}, {0x98EB,0x996B}, {0x98ED,0x996C}, {0x98EE,0x98EE},
    {0x98EF,0x996D}, {0x98F1,0x98E7}, {0x98F2,0x996E}, {0x98F4,0x9974}, {0x98F6,0x98F6}, {0x98FC,0x9972}, {0x98FD,0x9971}, {0x98FE,0x9970},
    {0x9900,0x9900}, {0x9902,0x9902}, {0x9903,0x997A}, {0x9904,0x9978}, {0x9905,0x997C}, {0x9907,0x9907}, {0x9908,0x9908}, {0x9909,0x9977},
    {0x990A,0x517B}, {0x990C,0x9975}, {0x990E,0x9979}, {0x9910,0x9910}, {0x9911,0x997D}, {0x9912,0x9981}, {0x9913,0x997F}, {0x9914,0x54FA},
    {0x9915,0x9982}, {0x9916,0x9916}, {0x9917,0x9917}, {0x9918,0x9980}, {0x991A,0x991A}, {0x991B,0x9984}, {0x991C,0x9983}, {0x991E,0x996F},
    {0x991F,0x991F}, {0x9920,0x9920}, {0x9921,0x9985}, {0x9924,0x9924}, {0x9927,0x9927}, {0x9928,0x9986}, {0x9929,0x9929}, {0x992A,0x992A},
    {0x992B,0x992B}, {0x992C,0x7CCA}, {0x992E,0x992E}, {0x9931,0x7CC7}, {0x9932,0x9932}, {0x9933,0x9967}, {0x9935,0x5582}, {0x9938,0x9938},
    {0x993A,0x998E}, {0x993B,0x7CD5}, {0x993C,0x9969}, {0x993D,0x9988}, {0x993E,0x998F}, {0x993F,0x998A}, {0x9941,0x998C}, {0x9943,0x998D},
    {0x9945,0x9992}, {0x9947,0x9947}, {0x9948,0x9990}, {0x9949,0x9991}, {0x994A,0x9993}, {0x994B,0x9988}, {0x994C,0x9994}, {0x994D,0x81B3},
    {0x994E,0x994E}, {0x9950,0x9950}, {0x9951,0x9965}, {0x9952,0x9976}, {0x9954,0x9954}, {0x9955,0x9955}, {0x9957,0x98E8}, {0x9958,0x9958},
    {0x995C,0x990D}, {0x995E,0x998B}, {0x995F,0x995F}, {0x9962,0x9995}, {0x9996,0x9996}, {0x9997,0x9997}, {0x9998,0x9998}, {0x9999,0x9999},
    {0x999D,0x999D}, {0x99A1,0x99A1}, {0x99A3,0x99A3}, {0x99A5,0x99A5}, {0x99A8,0x99A8}, {0x99AC,0x9A6C}, {0x99AD,0x9A6D}, {0x99AE,0x51AF},
    {0x99B1,0x9A6E}, {0x99B3,0x9A70}, {0x99B4,0x9A6F}, {0x99B5,0x99B5}, {0x99B9,0x99B9}, {0x99C1,0x9A73}, {0x99C3,0x99C3}, {0x99C4,0x99C4},
    {0x99C5,0x99C5}, {0x99C6,0x99C6}, {0x99C9,0x99C9}, {0x99CB,0x99CB}, {0x99D0,0x9A7B}, {0x99D1,0x9A7D}, {0x99D2,0x9A79}, {0x99D3,0x99D3},
    {0x99D4,0x9A75}, {0x99D5,0x9A7E}, {0x99D7,0x99D7}, {0x99D8,0x9A80}, {0x99D9,0x9A78}, {0x99DB,0x9A76}, {0x99DC,0x99DC}, {0x99DD,0x9A7C},
    {0x99DF,0x9A77}, {0x99E1,0x9A82}, {0x99E2,0x9A88}, {0x99EA,0x99EA}, {0x99EC,0x99EC}, {0x99ED,0x9A87}, {0x99EE,0x9A73}, {0x99F0,0x9A83},
    {0x99F1,0x9A86}, {0x99F4,0x99F4}, {0x99F8,0x9A8E}, {0x99F9,0x99F9}, {0x99FD,0x99FD}, {0x99FE,0x99FE}, {0x99FF,0x9A8F}, {0x9A01,0x9A8B},
    {0x9A02,0x9A02}, {0x9A03,0x9A03}, {0x9A04,0x9A04}, {0x9A05,0x9A93}, {0x9A06,0x9A06}, {0x9A09,0x9A09}, {0x9A0B,0x9A0B}, {0x9A0D,0x9A92},
    {0x9A0E,0x9A91}, {0x9A0F,0x9A90}, {0x9A11,0x9A11}, {0x9A12,0x9A12}, {0x9A13,0x9A13}, {0x9A15,0x9A15}, {0x9A16,0x9A9B}, {0x9A19,0x9A97},
    {0x9A20,0x9A20}, {0x9A22,0x9A22}, {0x9A23,0x9A23}, {0x9A24,0x9A24}, {0x9A27,0x9A27}, {0x9A2B,0x9A9E}, {0x9A2D,0x9A98}, {0x9A2E,0x9A9D},
    {0x9A30,0x817E}, {0x9A35,0x9A35}, {0x9A36,0x9A7A}, {0x9A37,0x9A9A}, {0x9A38,0x9A9F}, {0x9A3A,0x9A3A}, {0x9A3E,0x9AA1}, {0x9A40,0x84E6},
    {0x9A41,0x9A9C}, {0x9A42,0x9A96}, {0x9A43,0x9AA0}, {0x9A44,0x9AA2}, {0x9A45,0x9A71}, {0x9A46,0x9A46}, {0x9A48,0x9A48}, {0x9A4A,0x9A85},
    {0x9A4C,0x9A4C}, {0x9A4D,0x9A81}, {0x9A4E,0x9A4E}, {0x9A4F,0x9AA3}, {0x9A52,0x9A52}, {0x9A54,0x9A54}, {0x9A55,0x9A84}, {0x9A56,0x9A56},
    {0x9A57,0x9A8C}, {0x9A59,0x9A59}, {0x9A5A,0x60CA}, {0x9A5B,0x9A7F}, {0x9A5F,0x9AA4}, {0x9A62,0x9A74}, {0x9A64,0x9AA7}, {0x9A65,0x9AA5},
    {0x9A66,0x9A66}, {0x9A69,0x9A69}, {0x9A6A,0x9A8A}, {0x9A6B,0x9A6B}, {0x9AA8,0x9AA8}, {0x9AAB,0x9AAB}, {0x9AAD,0x9AAD}, {0x9AAF,0x80AE},
    {0x9AB0,0x9AB0}, {0x9AB1,0x9AB1}, {0x9AB4,0x9AB4}, {0x9AB6,0x9AB6}, {0x9AB7,0x9AB7}, {0x9AB8,0x9AB8}, {0x9ABA,0x9ABA}, {0x9ABC,0x9ABC},
    {0x9ABE,0x9ABE}, {0x9AC0,0x9AC0}, {0x9AC1,0x9AC1}, {0x9AC2,0x9AC2}, {0x9AC4,0x9AC4}, {0x9AC6,0x9AC6}, {0x9AC8,0x8180}, {0x9ACF,0x9AC5},
    {0x9AD0,0x9AC7}, {0x9AD1,0x9AD1}, {0x9AD2,0x810F}, {0x9AD3,0x9AD3}, {0x9AD4,0x4F53}, {0x9AD5,0x9ACC}, {0x9AD6,0x9ACB}, {0x9AD8,0x9AD8},
    {0x9AD9,0x9AD9}, {0x9ADD,0x9ADD}, {0x9ADE,0x9ADE}, {0x9ADF,0x9ADF}, {0x9AE1,0x9AE1}, {0x9AE3,0x9AE3}, {0x9AE6,0x9AE6}, {0x9AE7,0x9AE7},
    {0x9AEA,0x9AEA}, {0x9AEB,0x9AEB}, {0x9AED,0x9AED}, {0x9AEE,0x53D1}, {0x9AEF,0x9AEF}, {0x9AF2,0x9AF2}, {0x9AF3,0x9AF3}, {0x9AF9,0x9AF9},
    {0x9AFA,0x9AFA}, {0x9AFB,0x9AFB}, {0x9AFD,0x9AFD}, {0x9AFE,0x9AFE}, {0x9B01,0x9B01}, {0x9B03,0x9B03}, {0x9B05,0x9B05}, {0x9B06,0x677E},
    {0x9B08,0x9B08}, {0x9B0B,0x9B0B}, {0x9B0D,0x80E1}, {0x9B0E,0x9B0E}, {0x9B0F,0x9B0F}, {0x9B10,0x9B10}, {0x9B11,0x9B11}, {0x9B12,0x9B12},
    {0x9B16,0x9B16}, {0x9B17,0x9B17}, {0x9B18,0x9B18}, {0x9B19,0x9B19}, {0x9B1A,0x987B}, {0x9B1F,0x9B1F}, {0x9B20,0x9B20}, {0x9B22,0x9B13},
    {0x9B23,0x9B23}, {0x9B25,0x6597}, {0x9B27,0x95F9}, {0x9B28,0x54C4}, {0x9B29,0x960B}, {0x9B2A,0x6597}, {0x9B2B,0x9B2B}, {0x9B2C,0x9B2C},
    {0x9B2D,0x6597}, {0x9B2E,0x9604}, {0x9B2F,0x9B2F}, {0x9B30,0x9B30}, {0x9B31,0x90C1}, {0x9B32,0x9B32}, {0x9B35,0x9B35}, {0x9B37,0x9B37},
    {0x9B3B,0x9B3B}, {0x9B3C,0x9B3C}, {0x9B41,0x9B41}, {0x9B42,0x9B42}, {0x9B43,0x9B43}, {0x9B44,0x9B44}, {0x9B45,0x9B45}, {0x9B46,0x9B46},
    {0x9B48,0x9B48}, {0x9B4A,0x9B4A}, {0x9B4B,0x9B4B}, {0x9B4D,0x9B4D}, {0x9B4E,0x9B49}, {0x9B4F,0x9B4F}, {0x9B51,0x9B51}, {0x9B54,0x9B54},
    {0x9B56,0x9B56}, {0x9B58,0x9B47}, {0x9B5A,0x9C7C}, {0x9B5B,0x9B5B}, {0x9B5F,0x9B5F}, {0x9B60,0x9B60}, {0x9B63,0x9B63}, {0x9B66,0x9B66},
    {0x9B68,0x9B68}, {0x9B6C,0x9B6C}, {0x9B6F,0x9C81}, {0x9B74,0x9C82}, {0x9B75,0x9B75}, {0x9B77,0x9C7F}, {0x9B78,0x9B78}, {0x9B80,0x9B80},
    {0x9B81,0x9C85}, {0x9B83,0x9C86}, {0x9B86,0x9B86}, {0x9B8C,0x9CA7}, {0x9B8D,0x9C8F}, {0x9B8E,0x9C87}, {0x9B90,0x9C90}, {0x9B91,0x9C8D},
    {0x9B92,0x9C8B}, {0x9B93,0x9B93}, {0x9B9A,0x9C92}, {0x9B9E,0x9C95}, {0x9B9F,0x9B9F}, {0x9BA0,0x9BA0}, {0x9BA6,0x9BA6}, {0x9BA8,0x9BA8},
    {0x9BAA,0x9C94}, {0x9BAB,0x9C9B}, {0x9BAD,0x9C91}, {0x9BAE,0x9C9C}, {0x9BB6,0x9BB6}, {0x9BB8,0x9BB8}, {0x9BBF,0x9BBF}, {0x9BC0,0x9CA7},
    {0x9BC1,0x9CA0}, {0x9BC4,0x9BC4}, {0x9BC6,0x9BC6}, {0x9BC7,0x9CA9}, {0x9BC8,0x9BC8}, {0x9BC9,0x9CA4}, {0x9BCA,0x9CA8}, {0x9BD4,0x9CBB},
    {0x9BD5,0x9BD5}, {0x9BD6,0x9CAD}, {0x9BD7,0x9C9E}, {0x9BD9,0x9BD9}, {0x9BDB,0x9CB7}, {0x9BE0,0x9BE0}, {0x9BE1,0x9CB1}, {0x9BE2,0x9CB5},
    {0x9BE4,0x9CB2}, {0x9BE5,0x9BE5}, {0x9BE7,0x9CB3}, {0x9BE8,0x9CB8}, {0x9BEA,0x9CAE}, {0x9BEB,0x9CB0}, {0x9BF0,0x9CB6}, {0x9BF7,0x9CC0},
    {0x9BF8,0x9BF8}, {0x9BFD,0x9CAB}, {0x9BFF,0x9CCA}, {0x9C02,0x9C97}, {0x9C06,0x4CA0}, {0x9C08,0x9CBD}, {0x9C09,0x9CC7}, {0x9C0B,0x9C0B},
    {0x9C0D,0x9CC5}, {0x9C10,0x9CC4}, {0x9C12,0x9CC6}, {0x9C13,0x9CC3}, {0x9C15,0x9C15}, {0x9C1B,0x9C1B}, {0x9C1C,0x9C1C}, {0x9C1F,0x9CD1},
    {0x9C23,0x9CA5}, {0x9C24,0x9C24}, {0x9C25,0x9CCF}, {0x9C26,0x9C26}, {0x9C28,0x9CCE}, {0x9C29,0x9CD0}, {0x9C2D,0x9CCD}, {0x9C2E,0x9CC1},
    {0x9C31,0x9CA2}, {0x9C32,0x9CCC}, {0x9C33,0x9CD3}, {0x9C36,0x9C36}, {0x9C37,0x9CA6}, {0x9C39,0x9CA3}, {0x9C3B,0x9CD7}, {0x9C3C,0x9C3C},
    {0x9C3D,0x9C3D}, {0x9C3E,0x9CD4}, {0x9C40,0x9C40}, {0x9C44,0x9C44}, {0x9C45,0x9CD9}, {0x9C46,0x9C46}, {0x9C47,0x9C47}, {0x9C48,0x9CD5},
    {0x9C49,0x9CD6}, {0x9C4E,0x9C4E}, {0x9C50,0x9C50}, {0x9C52,0x9CDF}, {0x9C53,0x9CDD}, {0x9C54,0x9CDD}, {0x9C56,0x9CDC}, {0x9C57,0x9CDE},
    {0x9C58,0x9C9F}, {0x9C5D,0x9CBC}, {0x9C5F,0x9C8E}, {0x9C60,0x9C60}, {0x9C63,0x9CE3}, {0x9C67,0x9CE2}, {0x9C68,0x9C68}, {0x9C6D,0x9C9A},
    {0x9C6E,0x9C6E}, {0x9C72,0x9C72}, {0x9C75,0x9C75}, {0x9C77,0x9CC4}, {0x9C78,0x9C88}, {0x9C7A,0x9CA1}, {0x9C7B,0x9C7B}, {0x9C85,0x9C85},
    {0x9CE5,0x9E1F}, {0x9CE6,0x9CE6}, {0x9CE7,0x51EB}, {0x9CE9,0x9E20}, {0x9CEF,0x9CEF}, {0x9CF2,0x9CF2}, {0x9CF3,0x51E4}, {0x9CF4,0x9E23},
    {0x9CF6,0x9E22}, {0x9CF7,0x9CF7}, {0x9CFB,0x9CFB}, {0x9D02,0x9D02}, {0x9D03,0x9D03}, {0x9D04,0x9D04}, {0x9D06,0x9E29}, {0x9D07,0x9E28},
    {0x9D08,0x9D08}, {0x9D09,0x9E26}, {0x9D0E,0x9D0E}, {0x9D12,0x9E30}, {0x9D14,0x9D14}, {0x9D15,0x9E35}, {0x9D17,0x9D17}, {0x9D1B,0x9E33},
    {0x9D1D,0x9E32}, {0x9D1E,0x9E2E}, {0x9D1F,0x9E31}, {0x9D20,0x9D20}, {0x9D22,0x9D22}, {0x9D23,0x9E2A}, {0x9D25,0x9D25}, {0x9D26,0x9E2F},
    {0x9D28,0x9E2D}, {0x9D2F,0x9E38}, {0x9D30,0x9E39}, {0x9D33,0x9D33}, {0x9D34,0x9E3B}, {0x9D37,0x9D37}, {0x9D3B,0x9E3F}, {0x9D3D,0x9D3D},
    {0x9D3F,0x9E3D}, {0x9D40,0x9D40}, {0x9D41,0x9D41}, {0x9D42,0x9E3A}, {0x9D51,0x9E43}, {0x9D52,0x9E46}, {0x9D53,0x9E41}, {0x9D56,0x9D56},
    {0x9D59,0x9D59}, {0x9D5C,0x9E48}, {0x9D5D,0x9E45}, {0x9D5E,0x9E45}, {0x9D5F,0x9D5F}, {0x9D60,0x9E44}, {0x9D61,0x9E49}, {0x9D69,0x9D69},
    {0x9D6A,0x9E4C}, {0x9D6B,0x9D6B}, {0x9D6C,0x9E4F}, {0x9D6F,0x9E4E}, {0x9D70,0x96D5}, {0x9D72,0x9E4A}, {0x9D75,0x9D75}, {0x9D77,0x9D77},
    {0x9D7B,0x9D7B}, {0x9D7E,0x9E4D}, {0x9D82,0x9D82}, {0x9D87,0x9E2B}, {0x9D89,0x9E51}, {0x9D8A,0x9D8A}, {0x9D8F,0x9D8F}, {0x9D92,0x9D92},
    {0x9D93,0x9E4B}, {0x9D96,0x9E59}, {0x9D97,0x9D97}, {0x9D98,0x9E55}, {0x9D9A,0x9E57}, {0x9DA1,0x9DA1}, {0x9DA4,0x9DA4}, {0x9DA6,0x9DA6},
    {0x9DA9,0x9E5C}, {0x9DAC,0x9DAC}, {0x9DAF,0x83BA}, {0x9DB1,0x9DB1}, {0x9DB2,0x9E5F}, {0x9DB4,0x9E64}, {0x9DB5,0x9DB5}, {0x9DB8,0x9DB8},
    {0x9DB9,0x9DB9}, {0x9DBA,0x9E61}, {0x9DBB,0x9E58}, {0x9DBC,0x9E63}, {0x9DBF,0x9DBF}, {0x9DC0,0x9E5A}, {0x9DC1,0x9DC1}, {0x9DC2,0x9E5E},
    {0x9DC3,0x9DC3}, {0x9DC4,0x9DC4}, {0x9DC7,0x9DC7}, {0x9DC8,0x4D18}, {0x9DC9,0x4D18}, {0x9DCA,0x9DCA}, {0x9DCF,0x9DCF}, {0x9DD3,0x9E67},
    {0x9DD5,0x9DD5}, {0x9DD6,0x9E65}, {0x9DD7,0x9E25}, {0x9DD9,0x9E37}, {0x9DDE,0x9DDE}, {0x9DDF,0x9DDF}, {0x9DE5,0x9E36}, {0x9DE6,0x9E6A},
    {0x9DE9,0x9DE9}, {0x9DEB,0x9DEB}, {0x9DED,0x9DED}, {0x9DEF,0x9E69}, {0x9DF2,0x9E6B}, {0x9DF3,0x9E47}, {0x9DF4,0x9E47}, {0x9DF8,0x9E6C},
    {0x9DF9,0x9E70}, {0x9DFA,0x9E6D}, {0x9DFD,0x9E34}, {0x9DFE,0x9DFE}, {0x9DFF,0x4D19}, {0x9E02,0x9E02}, {0x9E07,0x9E07}, {0x9E0A,0x4D19},
    {0x9E0F,0x9E0F}, {0x9E11,0x9E11}, {0x9E12,0x9E12}, {0x9E13,0x9E13}, {0x9E15,0x9E2C}, {0x9E1A,0x9E66}, {0x9E1B,0x9E73}, {0x9E1C,0x9E1C},
    {0x9E1D,0x9E42}, {0x9E1E,0x9E3E}, {0x9E6E,0x9E6E}, {0x9E75,0x5364}, {0x9E78,0x9E78}, {0x9E79,0x54B8}, {0x9E7A,0x9E7E}, {0x9E7C,0x78B1},
    {0x9E7D,0x76D0}, {0x9E7F,0x9E7F}, {0x9E80,0x9E80}, {0x9E82,0x9E82}, {0x9E83,0x9E83}, {0x9E84,0x9E84}, {0x9E87,0x9E87}, {0x9E88,0x9E88},
    {0x9E8B,0x9E8B}, {0x9E8C,0x9E8C}, {0x9E90,0x9E90}, {0x9E91,0x9E91}, {0x9E92,0x9E92}, {0x9E93,0x9E93}, {0x9E97,0x4E3D}, {0x9E9A,0x9E9A},
    {0x9E9B,0x9E9B}, {0x9E9D,0x9E9D}, {0x9E9F,0x9E9F}, {0x9EA4,0x9EA4}, {0x9EA5,0x9EA6}, {0x9EA9,0x9EB8}, {0x9EAA,0x9762}, {0x9EAB,0x9EAB},
    {0x9EAE,0x9EAE}, {0x9EAF,0x9EAF}, {0x9EB0,0x9EB0}, {0x9EB4,0x9EB4}, {0x9EB5,0x9762}, {0x9EBA,0x9EBA}, {0x9EBB,0x9EBB}, {0x9EBC,0x9EBD},
    {0x9EBD,0x4E48}, {0x9EBE,0x9EBE}, {0x9EBF,0x9EBF}, {0x9EC1,0x9EC1}, {0x9EC3,0x9EC4}, {0x9EC8,0x9EC8}, {0x9ECC,0x9EC9}, {0x9ECD,0x9ECD},
    {0x9ECE,0x9ECE}, {0x9ECF,0x9ECF}, {0x9ED0,0x9ED0}, {0x9ED1,0x9ED1}, {0x9ED2,0x9ED2}, {0x9ED3,0x9ED3}, {0x9ED4,0x9ED4}, {0x9ED5,0x9ED5},
    {0x9ED8,0x9ED8}, {0x9ED9,0x9ED9}, {0x9EDB,0x9EDB}, {0x9EDC,0x9EDC}, {0x9EDD,0x9EDD}, {0x9EDE,0x70B9}, {0x9EDF,0x9EDF}, {0x9EE0,0x9EE0},
    {0x9EE2,0x9EE2}, {0x9EE5,0x9EE5}, {0x9EE6,0x9EE6}, {0x9EE7,0x9EE7}, {0x9EE8,0x515A}, {0x9EEE,0x9EEE}, {0x9EEF,0x9EEF}, {0x9EF0,0x9EF0},
    {0x9EF1,0x9EF1}, {0x9EF2,0x9EEA}, {0x9EF4,0x9709}, {0x9EF6,0x9EF6}, {0x9EF7,0x9EE9}, {0x9EF9,0x9EF9}, {0x9EFB,0x9EFB}, {0x9EFC,0x9EFC},
    {0x9EFD,0x9EFE}, {0x9EFF,0x9F0B}, {0x9F02,0x9F02}, {0x9F03,0x9F03}, {0x9F04,0x9F04}, {0x9F05,0x9F05}, {0x9F07,0x9F07}, {0x9F08,0x9F08},
    {0x9F09,0x9F0D}, {0x9F0E,0x9F0E}, {0x9F0F,0x9F0F}, {0x9F10,0x9F10}, {0x9F12,0x9F12}, {0x9F13,0x9F13}, {0x9F15,0x51AC}, {0x9F16,0x9F16},
    {0x9F19,0x9F19}, {0x9F1A,0x9F1A}, {0x9F1B,0x9F1B}, {0x9F20,0x9F20}, {0x9F21,0x9F21}, {0x9F22,0x9F22}, {0x9F29,0x9F29}, {0x9F2A,0x9F2A},
    {0x9F2B,0x9F2B}, {0x9F2C,0x9F2C}, {0x9F2F,0x9F2F}, {0x9F31,0x9F31}, {0x9F34,0x9F39}, {0x9F37,0x9F37}, {0x9F3B,0x9F3B}, {0x9F3D,0x9F3D},
    {0x9F3E,0x9F3E}, {0x9F41,0x9F41}, {0x9F46,0x9F46}, {0x9F47,0x9F47}, {0x9F48,0x9F48}, {0x9F49,0x9F49}, {0x9F4A,0x9F50}, {0x9F4B,0x658B},
    {0x9F4C,0x9F4C}, {0x9F4E,0x8D4D}, {0x9F4F,0x9F51}, {0x9F52,0x9F7F}, {0x9F54,0x9F80}, {0x9F55,0x9F55}, {0x9F57,0x9F57}, {0x9F59,0x9F85},
    {0x9F5A,0x9F5A}, {0x9F5C,0x9F87}, {0x9F5E,0x9F5E}, {0x9F5F,0x9F83}, {0x9F60,0x9F86}, {0x9F61,0x9F84}, {0x9F62,0x9F62}, {0x9F63,0x51FA},
    {0x9F66,0x9F88}, {0x9F67,0x9F67}, {0x9F69,0x9F69}, {0x9F6A,0x9F8A}, {0x9F6C,0x9F89}, {0x9F6E,0x9F6E}, {0x9F6F,0x9F6F}, {0x9F70,0x9F70},
    {0x9F71,0x9F71}, {0x9F72,0x9F8B}, {0x9F75,0x9F75}, {0x9F76,0x816D}, {0x9F77,0x9F8C}, {0x9F7E,0x9F7E}, {0x9F8D,0x9F99}, {0x9F8E,0x5390},
    {0x9F90,0x5E9E}, {0x9F91,0x9F91}, {0x9F92,0x9F92}, {0x9F94,0x9F9A}, {0x9F95,0x9F9B}, {0x9F96,0x9F96}, {0x9F98,0x9F98}, {0x9F9C,0x9F9F},
    {0x9F9D,0x9F9D}, {0x9FA0,0x9FA0}, {0x9FA1,0x9FA1}, {0x9FA2,0x9FA2}, {0x9FA4,0x9FA4}, {0xFF11,0xFF11}, {0xFF15,0xFF15},
};
inline constexpr size_t kT2sPairs_len = 10703;

// opencpop-strict: pinyin string -> phone list (sorted by key)
struct OpenCpopEntry { const char* pinyin; const char* const* phones; size_t n; };
inline const char* const kOcPhones0[] = {"AA", "a"};
inline const char* const kOcPhones1[] = {"AA", "ai"};
inline const char* const kOcPhones2[] = {"AA", "an"};
inline const char* const kOcPhones3[] = {"AA", "ang"};
inline const char* const kOcPhones4[] = {"AA", "ao"};
inline const char* const kOcPhones5[] = {"b", "a"};
inline const char* const kOcPhones6[] = {"b", "ai"};
inline const char* const kOcPhones7[] = {"b", "an"};
inline const char* const kOcPhones8[] = {"b", "ang"};
inline const char* const kOcPhones9[] = {"b", "ao"};
inline const char* const kOcPhones10[] = {"b", "ei"};
inline const char* const kOcPhones11[] = {"b", "en"};
inline const char* const kOcPhones12[] = {"b", "eng"};
inline const char* const kOcPhones13[] = {"b", "i"};
inline const char* const kOcPhones14[] = {"b", "ian"};
inline const char* const kOcPhones15[] = {"b", "iao"};
inline const char* const kOcPhones16[] = {"b", "ie"};
inline const char* const kOcPhones17[] = {"b", "in"};
inline const char* const kOcPhones18[] = {"b", "ing"};
inline const char* const kOcPhones19[] = {"b", "o"};
inline const char* const kOcPhones20[] = {"b", "u"};
inline const char* const kOcPhones21[] = {"c", "a"};
inline const char* const kOcPhones22[] = {"c", "ai"};
inline const char* const kOcPhones23[] = {"c", "an"};
inline const char* const kOcPhones24[] = {"c", "ang"};
inline const char* const kOcPhones25[] = {"c", "ao"};
inline const char* const kOcPhones26[] = {"c", "e"};
inline const char* const kOcPhones27[] = {"c", "ei"};
inline const char* const kOcPhones28[] = {"c", "en"};
inline const char* const kOcPhones29[] = {"c", "eng"};
inline const char* const kOcPhones30[] = {"ch", "a"};
inline const char* const kOcPhones31[] = {"ch", "ai"};
inline const char* const kOcPhones32[] = {"ch", "an"};
inline const char* const kOcPhones33[] = {"ch", "ang"};
inline const char* const kOcPhones34[] = {"ch", "ao"};
inline const char* const kOcPhones35[] = {"ch", "e"};
inline const char* const kOcPhones36[] = {"ch", "en"};
inline const char* const kOcPhones37[] = {"ch", "eng"};
inline const char* const kOcPhones38[] = {"ch", "ir"};
inline const char* const kOcPhones39[] = {"ch", "ong"};
inline const char* const kOcPhones40[] = {"ch", "ou"};
inline const char* const kOcPhones41[] = {"ch", "u"};
inline const char* const kOcPhones42[] = {"ch", "ua"};
inline const char* const kOcPhones43[] = {"ch", "uai"};
inline const char* const kOcPhones44[] = {"ch", "uan"};
inline const char* const kOcPhones45[] = {"ch", "uang"};
inline const char* const kOcPhones46[] = {"ch", "ui"};
inline const char* const kOcPhones47[] = {"ch", "un"};
inline const char* const kOcPhones48[] = {"ch", "uo"};
inline const char* const kOcPhones49[] = {"c", "i0"};
inline const char* const kOcPhones50[] = {"c", "ong"};
inline const char* const kOcPhones51[] = {"c", "ou"};
inline const char* const kOcPhones52[] = {"c", "u"};
inline const char* const kOcPhones53[] = {"c", "uan"};
inline const char* const kOcPhones54[] = {"c", "ui"};
inline const char* const kOcPhones55[] = {"c", "un"};
inline const char* const kOcPhones56[] = {"c", "uo"};
inline const char* const kOcPhones57[] = {"d", "a"};
inline const char* const kOcPhones58[] = {"d", "ai"};
inline const char* const kOcPhones59[] = {"d", "an"};
inline const char* const kOcPhones60[] = {"d", "ang"};
inline const char* const kOcPhones61[] = {"d", "ao"};
inline const char* const kOcPhones62[] = {"d", "e"};
inline const char* const kOcPhones63[] = {"d", "ei"};
inline const char* const kOcPhones64[] = {"d", "en"};
inline const char* const kOcPhones65[] = {"d", "eng"};
inline const char* const kOcPhones66[] = {"d", "i"};
inline const char* const kOcPhones67[] = {"d", "ia"};
inline const char* const kOcPhones68[] = {"d", "ian"};
inline const char* const kOcPhones69[] = {"d", "iao"};
inline const char* const kOcPhones70[] = {"d", "ie"};
inline const char* const kOcPhones71[] = {"d", "ing"};
inline const char* const kOcPhones72[] = {"d", "iu"};
inline const char* const kOcPhones73[] = {"d", "ong"};
inline const char* const kOcPhones74[] = {"d", "ou"};
inline const char* const kOcPhones75[] = {"d", "u"};
inline const char* const kOcPhones76[] = {"d", "uan"};
inline const char* const kOcPhones77[] = {"d", "ui"};
inline const char* const kOcPhones78[] = {"d", "un"};
inline const char* const kOcPhones79[] = {"d", "uo"};
inline const char* const kOcPhones80[] = {"EE", "e"};
inline const char* const kOcPhones81[] = {"EE", "ei"};
inline const char* const kOcPhones82[] = {"EE", "en"};
inline const char* const kOcPhones83[] = {"EE", "eng"};
inline const char* const kOcPhones84[] = {"EE", "er"};
inline const char* const kOcPhones85[] = {"f", "a"};
inline const char* const kOcPhones86[] = {"f", "an"};
inline const char* const kOcPhones87[] = {"f", "ang"};
inline const char* const kOcPhones88[] = {"f", "ei"};
inline const char* const kOcPhones89[] = {"f", "en"};
inline const char* const kOcPhones90[] = {"f", "eng"};
inline const char* const kOcPhones91[] = {"f", "o"};
inline const char* const kOcPhones92[] = {"f", "ou"};
inline const char* const kOcPhones93[] = {"f", "u"};
inline const char* const kOcPhones94[] = {"g", "a"};
inline const char* const kOcPhones95[] = {"g", "ai"};
inline const char* const kOcPhones96[] = {"g", "an"};
inline const char* const kOcPhones97[] = {"g", "ang"};
inline const char* const kOcPhones98[] = {"g", "ao"};
inline const char* const kOcPhones99[] = {"g", "e"};
inline const char* const kOcPhones100[] = {"g", "ei"};
inline const char* const kOcPhones101[] = {"g", "en"};
inline const char* const kOcPhones102[] = {"g", "eng"};
inline const char* const kOcPhones103[] = {"g", "ong"};
inline const char* const kOcPhones104[] = {"g", "ou"};
inline const char* const kOcPhones105[] = {"g", "u"};
inline const char* const kOcPhones106[] = {"g", "ua"};
inline const char* const kOcPhones107[] = {"g", "uai"};
inline const char* const kOcPhones108[] = {"g", "uan"};
inline const char* const kOcPhones109[] = {"g", "uang"};
inline const char* const kOcPhones110[] = {"g", "ui"};
inline const char* const kOcPhones111[] = {"g", "un"};
inline const char* const kOcPhones112[] = {"g", "uo"};
inline const char* const kOcPhones113[] = {"h", "a"};
inline const char* const kOcPhones114[] = {"h", "ai"};
inline const char* const kOcPhones115[] = {"h", "an"};
inline const char* const kOcPhones116[] = {"h", "ang"};
inline const char* const kOcPhones117[] = {"h", "ao"};
inline const char* const kOcPhones118[] = {"h", "e"};
inline const char* const kOcPhones119[] = {"h", "ei"};
inline const char* const kOcPhones120[] = {"h", "en"};
inline const char* const kOcPhones121[] = {"h", "eng"};
inline const char* const kOcPhones122[] = {"h", "ong"};
inline const char* const kOcPhones123[] = {"h", "ou"};
inline const char* const kOcPhones124[] = {"h", "u"};
inline const char* const kOcPhones125[] = {"h", "ua"};
inline const char* const kOcPhones126[] = {"h", "uai"};
inline const char* const kOcPhones127[] = {"h", "uan"};
inline const char* const kOcPhones128[] = {"h", "uang"};
inline const char* const kOcPhones129[] = {"h", "ui"};
inline const char* const kOcPhones130[] = {"h", "un"};
inline const char* const kOcPhones131[] = {"h", "uo"};
inline const char* const kOcPhones132[] = {"j", "i"};
inline const char* const kOcPhones133[] = {"j", "ia"};
inline const char* const kOcPhones134[] = {"j", "ian"};
inline const char* const kOcPhones135[] = {"j", "iang"};
inline const char* const kOcPhones136[] = {"j", "iao"};
inline const char* const kOcPhones137[] = {"j", "ie"};
inline const char* const kOcPhones138[] = {"j", "in"};
inline const char* const kOcPhones139[] = {"j", "ing"};
inline const char* const kOcPhones140[] = {"j", "iong"};
inline const char* const kOcPhones141[] = {"j", "iu"};
inline const char* const kOcPhones142[] = {"j", "v"};
inline const char* const kOcPhones143[] = {"j", "v"};
inline const char* const kOcPhones144[] = {"j", "van"};
inline const char* const kOcPhones145[] = {"j", "van"};
inline const char* const kOcPhones146[] = {"j", "ve"};
inline const char* const kOcPhones147[] = {"j", "ve"};
inline const char* const kOcPhones148[] = {"j", "vn"};
inline const char* const kOcPhones149[] = {"j", "vn"};
inline const char* const kOcPhones150[] = {"k", "a"};
inline const char* const kOcPhones151[] = {"k", "ai"};
inline const char* const kOcPhones152[] = {"k", "an"};
inline const char* const kOcPhones153[] = {"k", "ang"};
inline const char* const kOcPhones154[] = {"k", "ao"};
inline const char* const kOcPhones155[] = {"k", "e"};
inline const char* const kOcPhones156[] = {"k", "ei"};
inline const char* const kOcPhones157[] = {"k", "en"};
inline const char* const kOcPhones158[] = {"k", "eng"};
inline const char* const kOcPhones159[] = {"k", "ong"};
inline const char* const kOcPhones160[] = {"k", "ou"};
inline const char* const kOcPhones161[] = {"k", "u"};
inline const char* const kOcPhones162[] = {"k", "ua"};
inline const char* const kOcPhones163[] = {"k", "uai"};
inline const char* const kOcPhones164[] = {"k", "uan"};
inline const char* const kOcPhones165[] = {"k", "uang"};
inline const char* const kOcPhones166[] = {"k", "ui"};
inline const char* const kOcPhones167[] = {"k", "un"};
inline const char* const kOcPhones168[] = {"k", "uo"};
inline const char* const kOcPhones169[] = {"l", "a"};
inline const char* const kOcPhones170[] = {"l", "ai"};
inline const char* const kOcPhones171[] = {"l", "an"};
inline const char* const kOcPhones172[] = {"l", "ang"};
inline const char* const kOcPhones173[] = {"l", "ao"};
inline const char* const kOcPhones174[] = {"l", "e"};
inline const char* const kOcPhones175[] = {"l", "ei"};
inline const char* const kOcPhones176[] = {"l", "eng"};
inline const char* const kOcPhones177[] = {"l", "i"};
inline const char* const kOcPhones178[] = {"l", "ia"};
inline const char* const kOcPhones179[] = {"l", "ian"};
inline const char* const kOcPhones180[] = {"l", "iang"};
inline const char* const kOcPhones181[] = {"l", "iao"};
inline const char* const kOcPhones182[] = {"l", "ie"};
inline const char* const kOcPhones183[] = {"l", "in"};
inline const char* const kOcPhones184[] = {"l", "ing"};
inline const char* const kOcPhones185[] = {"l", "iu"};
inline const char* const kOcPhones186[] = {"l", "o"};
inline const char* const kOcPhones187[] = {"l", "ong"};
inline const char* const kOcPhones188[] = {"l", "ou"};
inline const char* const kOcPhones189[] = {"l", "u"};
inline const char* const kOcPhones190[] = {"l", "uan"};
inline const char* const kOcPhones191[] = {"l", "un"};
inline const char* const kOcPhones192[] = {"l", "uo"};
inline const char* const kOcPhones193[] = {"l", "v"};
inline const char* const kOcPhones194[] = {"l", "ve"};
inline const char* const kOcPhones195[] = {"m", "a"};
inline const char* const kOcPhones196[] = {"m", "ai"};
inline const char* const kOcPhones197[] = {"m", "an"};
inline const char* const kOcPhones198[] = {"m", "ang"};
inline const char* const kOcPhones199[] = {"m", "ao"};
inline const char* const kOcPhones200[] = {"m", "e"};
inline const char* const kOcPhones201[] = {"m", "ei"};
inline const char* const kOcPhones202[] = {"m", "en"};
inline const char* const kOcPhones203[] = {"m", "eng"};
inline const char* const kOcPhones204[] = {"m", "i"};
inline const char* const kOcPhones205[] = {"m", "ian"};
inline const char* const kOcPhones206[] = {"m", "iao"};
inline const char* const kOcPhones207[] = {"m", "ie"};
inline const char* const kOcPhones208[] = {"m", "in"};
inline const char* const kOcPhones209[] = {"m", "ing"};
inline const char* const kOcPhones210[] = {"m", "iu"};
inline const char* const kOcPhones211[] = {"m", "o"};
inline const char* const kOcPhones212[] = {"m", "ou"};
inline const char* const kOcPhones213[] = {"m", "u"};
inline const char* const kOcPhones214[] = {"n", "a"};
inline const char* const kOcPhones215[] = {"n", "ai"};
inline const char* const kOcPhones216[] = {"n", "an"};
inline const char* const kOcPhones217[] = {"n", "ang"};
inline const char* const kOcPhones218[] = {"n", "ao"};
inline const char* const kOcPhones219[] = {"n", "e"};
inline const char* const kOcPhones220[] = {"n", "ei"};
inline const char* const kOcPhones221[] = {"n", "en"};
inline const char* const kOcPhones222[] = {"n", "eng"};
inline const char* const kOcPhones223[] = {"n", "i"};
inline const char* const kOcPhones224[] = {"n", "ian"};
inline const char* const kOcPhones225[] = {"n", "iang"};
inline const char* const kOcPhones226[] = {"n", "iao"};
inline const char* const kOcPhones227[] = {"n", "ie"};
inline const char* const kOcPhones228[] = {"n", "in"};
inline const char* const kOcPhones229[] = {"n", "ing"};
inline const char* const kOcPhones230[] = {"n", "iu"};
inline const char* const kOcPhones231[] = {"n", "ong"};
inline const char* const kOcPhones232[] = {"n", "ou"};
inline const char* const kOcPhones233[] = {"n", "u"};
inline const char* const kOcPhones234[] = {"n", "uan"};
inline const char* const kOcPhones235[] = {"n", "un"};
inline const char* const kOcPhones236[] = {"n", "uo"};
inline const char* const kOcPhones237[] = {"n", "v"};
inline const char* const kOcPhones238[] = {"n", "ve"};
inline const char* const kOcPhones239[] = {"OO", "o"};
inline const char* const kOcPhones240[] = {"OO", "ou"};
inline const char* const kOcPhones241[] = {"p", "a"};
inline const char* const kOcPhones242[] = {"p", "ai"};
inline const char* const kOcPhones243[] = {"p", "an"};
inline const char* const kOcPhones244[] = {"p", "ang"};
inline const char* const kOcPhones245[] = {"p", "ao"};
inline const char* const kOcPhones246[] = {"p", "ei"};
inline const char* const kOcPhones247[] = {"p", "en"};
inline const char* const kOcPhones248[] = {"p", "eng"};
inline const char* const kOcPhones249[] = {"p", "i"};
inline const char* const kOcPhones250[] = {"p", "ian"};
inline const char* const kOcPhones251[] = {"p", "iao"};
inline const char* const kOcPhones252[] = {"p", "ie"};
inline const char* const kOcPhones253[] = {"p", "in"};
inline const char* const kOcPhones254[] = {"p", "ing"};
inline const char* const kOcPhones255[] = {"p", "o"};
inline const char* const kOcPhones256[] = {"p", "ou"};
inline const char* const kOcPhones257[] = {"p", "u"};
inline const char* const kOcPhones258[] = {"q", "i"};
inline const char* const kOcPhones259[] = {"q", "ia"};
inline const char* const kOcPhones260[] = {"q", "ian"};
inline const char* const kOcPhones261[] = {"q", "iang"};
inline const char* const kOcPhones262[] = {"q", "iao"};
inline const char* const kOcPhones263[] = {"q", "ie"};
inline const char* const kOcPhones264[] = {"q", "in"};
inline const char* const kOcPhones265[] = {"q", "ing"};
inline const char* const kOcPhones266[] = {"q", "iong"};
inline const char* const kOcPhones267[] = {"q", "iu"};
inline const char* const kOcPhones268[] = {"q", "v"};
inline const char* const kOcPhones269[] = {"q", "v"};
inline const char* const kOcPhones270[] = {"q", "van"};
inline const char* const kOcPhones271[] = {"q", "van"};
inline const char* const kOcPhones272[] = {"q", "ve"};
inline const char* const kOcPhones273[] = {"q", "ve"};
inline const char* const kOcPhones274[] = {"q", "vn"};
inline const char* const kOcPhones275[] = {"q", "vn"};
inline const char* const kOcPhones276[] = {"r", "an"};
inline const char* const kOcPhones277[] = {"r", "ang"};
inline const char* const kOcPhones278[] = {"r", "ao"};
inline const char* const kOcPhones279[] = {"r", "e"};
inline const char* const kOcPhones280[] = {"r", "en"};
inline const char* const kOcPhones281[] = {"r", "eng"};
inline const char* const kOcPhones282[] = {"r", "ir"};
inline const char* const kOcPhones283[] = {"r", "ong"};
inline const char* const kOcPhones284[] = {"r", "ou"};
inline const char* const kOcPhones285[] = {"r", "u"};
inline const char* const kOcPhones286[] = {"r", "ua"};
inline const char* const kOcPhones287[] = {"r", "uan"};
inline const char* const kOcPhones288[] = {"r", "ui"};
inline const char* const kOcPhones289[] = {"r", "un"};
inline const char* const kOcPhones290[] = {"r", "uo"};
inline const char* const kOcPhones291[] = {"s", "a"};
inline const char* const kOcPhones292[] = {"s", "ai"};
inline const char* const kOcPhones293[] = {"s", "an"};
inline const char* const kOcPhones294[] = {"s", "ang"};
inline const char* const kOcPhones295[] = {"s", "ao"};
inline const char* const kOcPhones296[] = {"s", "e"};
inline const char* const kOcPhones297[] = {"s", "en"};
inline const char* const kOcPhones298[] = {"s", "eng"};
inline const char* const kOcPhones299[] = {"sh", "a"};
inline const char* const kOcPhones300[] = {"sh", "ai"};
inline const char* const kOcPhones301[] = {"sh", "an"};
inline const char* const kOcPhones302[] = {"sh", "ang"};
inline const char* const kOcPhones303[] = {"sh", "ao"};
inline const char* const kOcPhones304[] = {"sh", "e"};
inline const char* const kOcPhones305[] = {"sh", "ei"};
inline const char* const kOcPhones306[] = {"sh", "en"};
inline const char* const kOcPhones307[] = {"sh", "eng"};
inline const char* const kOcPhones308[] = {"sh", "ir"};
inline const char* const kOcPhones309[] = {"sh", "ou"};
inline const char* const kOcPhones310[] = {"sh", "u"};
inline const char* const kOcPhones311[] = {"sh", "ua"};
inline const char* const kOcPhones312[] = {"sh", "uai"};
inline const char* const kOcPhones313[] = {"sh", "uan"};
inline const char* const kOcPhones314[] = {"sh", "uang"};
inline const char* const kOcPhones315[] = {"sh", "ui"};
inline const char* const kOcPhones316[] = {"sh", "un"};
inline const char* const kOcPhones317[] = {"sh", "uo"};
inline const char* const kOcPhones318[] = {"s", "i0"};
inline const char* const kOcPhones319[] = {"s", "ong"};
inline const char* const kOcPhones320[] = {"s", "ou"};
inline const char* const kOcPhones321[] = {"s", "u"};
inline const char* const kOcPhones322[] = {"s", "uan"};
inline const char* const kOcPhones323[] = {"s", "ui"};
inline const char* const kOcPhones324[] = {"s", "un"};
inline const char* const kOcPhones325[] = {"s", "uo"};
inline const char* const kOcPhones326[] = {"t", "a"};
inline const char* const kOcPhones327[] = {"t", "ai"};
inline const char* const kOcPhones328[] = {"t", "an"};
inline const char* const kOcPhones329[] = {"t", "ang"};
inline const char* const kOcPhones330[] = {"t", "ao"};
inline const char* const kOcPhones331[] = {"t", "e"};
inline const char* const kOcPhones332[] = {"t", "ei"};
inline const char* const kOcPhones333[] = {"t", "eng"};
inline const char* const kOcPhones334[] = {"t", "i"};
inline const char* const kOcPhones335[] = {"t", "ian"};
inline const char* const kOcPhones336[] = {"t", "iao"};
inline const char* const kOcPhones337[] = {"t", "ie"};
inline const char* const kOcPhones338[] = {"t", "ing"};
inline const char* const kOcPhones339[] = {"t", "ong"};
inline const char* const kOcPhones340[] = {"t", "ou"};
inline const char* const kOcPhones341[] = {"t", "u"};
inline const char* const kOcPhones342[] = {"t", "uan"};
inline const char* const kOcPhones343[] = {"t", "ui"};
inline const char* const kOcPhones344[] = {"t", "un"};
inline const char* const kOcPhones345[] = {"t", "uo"};
inline const char* const kOcPhones346[] = {"w", "a"};
inline const char* const kOcPhones347[] = {"w", "ai"};
inline const char* const kOcPhones348[] = {"w", "an"};
inline const char* const kOcPhones349[] = {"w", "ang"};
inline const char* const kOcPhones350[] = {"w", "ei"};
inline const char* const kOcPhones351[] = {"w", "en"};
inline const char* const kOcPhones352[] = {"w", "eng"};
inline const char* const kOcPhones353[] = {"w", "o"};
inline const char* const kOcPhones354[] = {"w", "u"};
inline const char* const kOcPhones355[] = {"x", "i"};
inline const char* const kOcPhones356[] = {"x", "ia"};
inline const char* const kOcPhones357[] = {"x", "ian"};
inline const char* const kOcPhones358[] = {"x", "iang"};
inline const char* const kOcPhones359[] = {"x", "iao"};
inline const char* const kOcPhones360[] = {"x", "ie"};
inline const char* const kOcPhones361[] = {"x", "in"};
inline const char* const kOcPhones362[] = {"x", "ing"};
inline const char* const kOcPhones363[] = {"x", "iong"};
inline const char* const kOcPhones364[] = {"x", "iu"};
inline const char* const kOcPhones365[] = {"x", "v"};
inline const char* const kOcPhones366[] = {"x", "v"};
inline const char* const kOcPhones367[] = {"x", "van"};
inline const char* const kOcPhones368[] = {"x", "van"};
inline const char* const kOcPhones369[] = {"x", "ve"};
inline const char* const kOcPhones370[] = {"x", "ve"};
inline const char* const kOcPhones371[] = {"x", "vn"};
inline const char* const kOcPhones372[] = {"x", "vn"};
inline const char* const kOcPhones373[] = {"y", "a"};
inline const char* const kOcPhones374[] = {"y", "En"};
inline const char* const kOcPhones375[] = {"y", "ang"};
inline const char* const kOcPhones376[] = {"y", "ao"};
inline const char* const kOcPhones377[] = {"y", "E"};
inline const char* const kOcPhones378[] = {"y", "i"};
inline const char* const kOcPhones379[] = {"y", "in"};
inline const char* const kOcPhones380[] = {"y", "ing"};
inline const char* const kOcPhones381[] = {"y", "o"};
inline const char* const kOcPhones382[] = {"y", "ong"};
inline const char* const kOcPhones383[] = {"y", "ou"};
inline const char* const kOcPhones384[] = {"y", "v"};
inline const char* const kOcPhones385[] = {"y", "v"};
inline const char* const kOcPhones386[] = {"y", "van"};
inline const char* const kOcPhones387[] = {"y", "van"};
inline const char* const kOcPhones388[] = {"y", "ve"};
inline const char* const kOcPhones389[] = {"y", "ve"};
inline const char* const kOcPhones390[] = {"y", "vn"};
inline const char* const kOcPhones391[] = {"y", "vn"};
inline const char* const kOcPhones392[] = {"z", "a"};
inline const char* const kOcPhones393[] = {"z", "ai"};
inline const char* const kOcPhones394[] = {"z", "an"};
inline const char* const kOcPhones395[] = {"z", "ang"};
inline const char* const kOcPhones396[] = {"z", "ao"};
inline const char* const kOcPhones397[] = {"z", "e"};
inline const char* const kOcPhones398[] = {"z", "ei"};
inline const char* const kOcPhones399[] = {"z", "en"};
inline const char* const kOcPhones400[] = {"z", "eng"};
inline const char* const kOcPhones401[] = {"zh", "a"};
inline const char* const kOcPhones402[] = {"zh", "ai"};
inline const char* const kOcPhones403[] = {"zh", "an"};
inline const char* const kOcPhones404[] = {"zh", "ang"};
inline const char* const kOcPhones405[] = {"zh", "ao"};
inline const char* const kOcPhones406[] = {"zh", "e"};
inline const char* const kOcPhones407[] = {"zh", "ei"};
inline const char* const kOcPhones408[] = {"zh", "en"};
inline const char* const kOcPhones409[] = {"zh", "eng"};
inline const char* const kOcPhones410[] = {"zh", "ir"};
inline const char* const kOcPhones411[] = {"zh", "ong"};
inline const char* const kOcPhones412[] = {"zh", "ou"};
inline const char* const kOcPhones413[] = {"zh", "u"};
inline const char* const kOcPhones414[] = {"zh", "ua"};
inline const char* const kOcPhones415[] = {"zh", "uai"};
inline const char* const kOcPhones416[] = {"zh", "uan"};
inline const char* const kOcPhones417[] = {"zh", "uang"};
inline const char* const kOcPhones418[] = {"zh", "ui"};
inline const char* const kOcPhones419[] = {"zh", "un"};
inline const char* const kOcPhones420[] = {"zh", "uo"};
inline const char* const kOcPhones421[] = {"z", "i0"};
inline const char* const kOcPhones422[] = {"z", "ong"};
inline const char* const kOcPhones423[] = {"z", "ou"};
inline const char* const kOcPhones424[] = {"z", "u"};
inline const char* const kOcPhones425[] = {"z", "uan"};
inline const char* const kOcPhones426[] = {"z", "ui"};
inline const char* const kOcPhones427[] = {"z", "un"};
inline const char* const kOcPhones428[] = {"z", "uo"};
inline const OpenCpopEntry kOpenCpopMap[429] = {
    {"a", kOcPhones0, 2},
    {"ai", kOcPhones1, 2},
    {"an", kOcPhones2, 2},
    {"ang", kOcPhones3, 2},
    {"ao", kOcPhones4, 2},
    {"ba", kOcPhones5, 2},
    {"bai", kOcPhones6, 2},
    {"ban", kOcPhones7, 2},
    {"bang", kOcPhones8, 2},
    {"bao", kOcPhones9, 2},
    {"bei", kOcPhones10, 2},
    {"ben", kOcPhones11, 2},
    {"beng", kOcPhones12, 2},
    {"bi", kOcPhones13, 2},
    {"bian", kOcPhones14, 2},
    {"biao", kOcPhones15, 2},
    {"bie", kOcPhones16, 2},
    {"bin", kOcPhones17, 2},
    {"bing", kOcPhones18, 2},
    {"bo", kOcPhones19, 2},
    {"bu", kOcPhones20, 2},
    {"ca", kOcPhones21, 2},
    {"cai", kOcPhones22, 2},
    {"can", kOcPhones23, 2},
    {"cang", kOcPhones24, 2},
    {"cao", kOcPhones25, 2},
    {"ce", kOcPhones26, 2},
    {"cei", kOcPhones27, 2},
    {"cen", kOcPhones28, 2},
    {"ceng", kOcPhones29, 2},
    {"cha", kOcPhones30, 2},
    {"chai", kOcPhones31, 2},
    {"chan", kOcPhones32, 2},
    {"chang", kOcPhones33, 2},
    {"chao", kOcPhones34, 2},
    {"che", kOcPhones35, 2},
    {"chen", kOcPhones36, 2},
    {"cheng", kOcPhones37, 2},
    {"chi", kOcPhones38, 2},
    {"chong", kOcPhones39, 2},
    {"chou", kOcPhones40, 2},
    {"chu", kOcPhones41, 2},
    {"chua", kOcPhones42, 2},
    {"chuai", kOcPhones43, 2},
    {"chuan", kOcPhones44, 2},
    {"chuang", kOcPhones45, 2},
    {"chui", kOcPhones46, 2},
    {"chun", kOcPhones47, 2},
    {"chuo", kOcPhones48, 2},
    {"ci", kOcPhones49, 2},
    {"cong", kOcPhones50, 2},
    {"cou", kOcPhones51, 2},
    {"cu", kOcPhones52, 2},
    {"cuan", kOcPhones53, 2},
    {"cui", kOcPhones54, 2},
    {"cun", kOcPhones55, 2},
    {"cuo", kOcPhones56, 2},
    {"da", kOcPhones57, 2},
    {"dai", kOcPhones58, 2},
    {"dan", kOcPhones59, 2},
    {"dang", kOcPhones60, 2},
    {"dao", kOcPhones61, 2},
    {"de", kOcPhones62, 2},
    {"dei", kOcPhones63, 2},
    {"den", kOcPhones64, 2},
    {"deng", kOcPhones65, 2},
    {"di", kOcPhones66, 2},
    {"dia", kOcPhones67, 2},
    {"dian", kOcPhones68, 2},
    {"diao", kOcPhones69, 2},
    {"die", kOcPhones70, 2},
    {"ding", kOcPhones71, 2},
    {"diu", kOcPhones72, 2},
    {"dong", kOcPhones73, 2},
    {"dou", kOcPhones74, 2},
    {"du", kOcPhones75, 2},
    {"duan", kOcPhones76, 2},
    {"dui", kOcPhones77, 2},
    {"dun", kOcPhones78, 2},
    {"duo", kOcPhones79, 2},
    {"e", kOcPhones80, 2},
    {"ei", kOcPhones81, 2},
    {"en", kOcPhones82, 2},
    {"eng", kOcPhones83, 2},
    {"er", kOcPhones84, 2},
    {"fa", kOcPhones85, 2},
    {"fan", kOcPhones86, 2},
    {"fang", kOcPhones87, 2},
    {"fei", kOcPhones88, 2},
    {"fen", kOcPhones89, 2},
    {"feng", kOcPhones90, 2},
    {"fo", kOcPhones91, 2},
    {"fou", kOcPhones92, 2},
    {"fu", kOcPhones93, 2},
    {"ga", kOcPhones94, 2},
    {"gai", kOcPhones95, 2},
    {"gan", kOcPhones96, 2},
    {"gang", kOcPhones97, 2},
    {"gao", kOcPhones98, 2},
    {"ge", kOcPhones99, 2},
    {"gei", kOcPhones100, 2},
    {"gen", kOcPhones101, 2},
    {"geng", kOcPhones102, 2},
    {"gong", kOcPhones103, 2},
    {"gou", kOcPhones104, 2},
    {"gu", kOcPhones105, 2},
    {"gua", kOcPhones106, 2},
    {"guai", kOcPhones107, 2},
    {"guan", kOcPhones108, 2},
    {"guang", kOcPhones109, 2},
    {"gui", kOcPhones110, 2},
    {"gun", kOcPhones111, 2},
    {"guo", kOcPhones112, 2},
    {"ha", kOcPhones113, 2},
    {"hai", kOcPhones114, 2},
    {"han", kOcPhones115, 2},
    {"hang", kOcPhones116, 2},
    {"hao", kOcPhones117, 2},
    {"he", kOcPhones118, 2},
    {"hei", kOcPhones119, 2},
    {"hen", kOcPhones120, 2},
    {"heng", kOcPhones121, 2},
    {"hong", kOcPhones122, 2},
    {"hou", kOcPhones123, 2},
    {"hu", kOcPhones124, 2},
    {"hua", kOcPhones125, 2},
    {"huai", kOcPhones126, 2},
    {"huan", kOcPhones127, 2},
    {"huang", kOcPhones128, 2},
    {"hui", kOcPhones129, 2},
    {"hun", kOcPhones130, 2},
    {"huo", kOcPhones131, 2},
    {"ji", kOcPhones132, 2},
    {"jia", kOcPhones133, 2},
    {"jian", kOcPhones134, 2},
    {"jiang", kOcPhones135, 2},
    {"jiao", kOcPhones136, 2},
    {"jie", kOcPhones137, 2},
    {"jin", kOcPhones138, 2},
    {"jing", kOcPhones139, 2},
    {"jiong", kOcPhones140, 2},
    {"jiu", kOcPhones141, 2},
    {"ju", kOcPhones142, 2},
    {"jv", kOcPhones143, 2},
    {"juan", kOcPhones144, 2},
    {"jvan", kOcPhones145, 2},
    {"jue", kOcPhones146, 2},
    {"jve", kOcPhones147, 2},
    {"jun", kOcPhones148, 2},
    {"jvn", kOcPhones149, 2},
    {"ka", kOcPhones150, 2},
    {"kai", kOcPhones151, 2},
    {"kan", kOcPhones152, 2},
    {"kang", kOcPhones153, 2},
    {"kao", kOcPhones154, 2},
    {"ke", kOcPhones155, 2},
    {"kei", kOcPhones156, 2},
    {"ken", kOcPhones157, 2},
    {"keng", kOcPhones158, 2},
    {"kong", kOcPhones159, 2},
    {"kou", kOcPhones160, 2},
    {"ku", kOcPhones161, 2},
    {"kua", kOcPhones162, 2},
    {"kuai", kOcPhones163, 2},
    {"kuan", kOcPhones164, 2},
    {"kuang", kOcPhones165, 2},
    {"kui", kOcPhones166, 2},
    {"kun", kOcPhones167, 2},
    {"kuo", kOcPhones168, 2},
    {"la", kOcPhones169, 2},
    {"lai", kOcPhones170, 2},
    {"lan", kOcPhones171, 2},
    {"lang", kOcPhones172, 2},
    {"lao", kOcPhones173, 2},
    {"le", kOcPhones174, 2},
    {"lei", kOcPhones175, 2},
    {"leng", kOcPhones176, 2},
    {"li", kOcPhones177, 2},
    {"lia", kOcPhones178, 2},
    {"lian", kOcPhones179, 2},
    {"liang", kOcPhones180, 2},
    {"liao", kOcPhones181, 2},
    {"lie", kOcPhones182, 2},
    {"lin", kOcPhones183, 2},
    {"ling", kOcPhones184, 2},
    {"liu", kOcPhones185, 2},
    {"lo", kOcPhones186, 2},
    {"long", kOcPhones187, 2},
    {"lou", kOcPhones188, 2},
    {"lu", kOcPhones189, 2},
    {"luan", kOcPhones190, 2},
    {"lun", kOcPhones191, 2},
    {"luo", kOcPhones192, 2},
    {"lv", kOcPhones193, 2},
    {"lve", kOcPhones194, 2},
    {"ma", kOcPhones195, 2},
    {"mai", kOcPhones196, 2},
    {"man", kOcPhones197, 2},
    {"mang", kOcPhones198, 2},
    {"mao", kOcPhones199, 2},
    {"me", kOcPhones200, 2},
    {"mei", kOcPhones201, 2},
    {"men", kOcPhones202, 2},
    {"meng", kOcPhones203, 2},
    {"mi", kOcPhones204, 2},
    {"mian", kOcPhones205, 2},
    {"miao", kOcPhones206, 2},
    {"mie", kOcPhones207, 2},
    {"min", kOcPhones208, 2},
    {"ming", kOcPhones209, 2},
    {"miu", kOcPhones210, 2},
    {"mo", kOcPhones211, 2},
    {"mou", kOcPhones212, 2},
    {"mu", kOcPhones213, 2},
    {"na", kOcPhones214, 2},
    {"nai", kOcPhones215, 2},
    {"nan", kOcPhones216, 2},
    {"nang", kOcPhones217, 2},
    {"nao", kOcPhones218, 2},
    {"ne", kOcPhones219, 2},
    {"nei", kOcPhones220, 2},
    {"nen", kOcPhones221, 2},
    {"neng", kOcPhones222, 2},
    {"ni", kOcPhones223, 2},
    {"nian", kOcPhones224, 2},
    {"niang", kOcPhones225, 2},
    {"niao", kOcPhones226, 2},
    {"nie", kOcPhones227, 2},
    {"nin", kOcPhones228, 2},
    {"ning", kOcPhones229, 2},
    {"niu", kOcPhones230, 2},
    {"nong", kOcPhones231, 2},
    {"nou", kOcPhones232, 2},
    {"nu", kOcPhones233, 2},
    {"nuan", kOcPhones234, 2},
    {"nun", kOcPhones235, 2},
    {"nuo", kOcPhones236, 2},
    {"nv", kOcPhones237, 2},
    {"nve", kOcPhones238, 2},
    {"o", kOcPhones239, 2},
    {"ou", kOcPhones240, 2},
    {"pa", kOcPhones241, 2},
    {"pai", kOcPhones242, 2},
    {"pan", kOcPhones243, 2},
    {"pang", kOcPhones244, 2},
    {"pao", kOcPhones245, 2},
    {"pei", kOcPhones246, 2},
    {"pen", kOcPhones247, 2},
    {"peng", kOcPhones248, 2},
    {"pi", kOcPhones249, 2},
    {"pian", kOcPhones250, 2},
    {"piao", kOcPhones251, 2},
    {"pie", kOcPhones252, 2},
    {"pin", kOcPhones253, 2},
    {"ping", kOcPhones254, 2},
    {"po", kOcPhones255, 2},
    {"pou", kOcPhones256, 2},
    {"pu", kOcPhones257, 2},
    {"qi", kOcPhones258, 2},
    {"qia", kOcPhones259, 2},
    {"qian", kOcPhones260, 2},
    {"qiang", kOcPhones261, 2},
    {"qiao", kOcPhones262, 2},
    {"qie", kOcPhones263, 2},
    {"qin", kOcPhones264, 2},
    {"qing", kOcPhones265, 2},
    {"qiong", kOcPhones266, 2},
    {"qiu", kOcPhones267, 2},
    {"qu", kOcPhones268, 2},
    {"qv", kOcPhones269, 2},
    {"quan", kOcPhones270, 2},
    {"qvan", kOcPhones271, 2},
    {"que", kOcPhones272, 2},
    {"qve", kOcPhones273, 2},
    {"qun", kOcPhones274, 2},
    {"qvn", kOcPhones275, 2},
    {"ran", kOcPhones276, 2},
    {"rang", kOcPhones277, 2},
    {"rao", kOcPhones278, 2},
    {"re", kOcPhones279, 2},
    {"ren", kOcPhones280, 2},
    {"reng", kOcPhones281, 2},
    {"ri", kOcPhones282, 2},
    {"rong", kOcPhones283, 2},
    {"rou", kOcPhones284, 2},
    {"ru", kOcPhones285, 2},
    {"rua", kOcPhones286, 2},
    {"ruan", kOcPhones287, 2},
    {"rui", kOcPhones288, 2},
    {"run", kOcPhones289, 2},
    {"ruo", kOcPhones290, 2},
    {"sa", kOcPhones291, 2},
    {"sai", kOcPhones292, 2},
    {"san", kOcPhones293, 2},
    {"sang", kOcPhones294, 2},
    {"sao", kOcPhones295, 2},
    {"se", kOcPhones296, 2},
    {"sen", kOcPhones297, 2},
    {"seng", kOcPhones298, 2},
    {"sha", kOcPhones299, 2},
    {"shai", kOcPhones300, 2},
    {"shan", kOcPhones301, 2},
    {"shang", kOcPhones302, 2},
    {"shao", kOcPhones303, 2},
    {"she", kOcPhones304, 2},
    {"shei", kOcPhones305, 2},
    {"shen", kOcPhones306, 2},
    {"sheng", kOcPhones307, 2},
    {"shi", kOcPhones308, 2},
    {"shou", kOcPhones309, 2},
    {"shu", kOcPhones310, 2},
    {"shua", kOcPhones311, 2},
    {"shuai", kOcPhones312, 2},
    {"shuan", kOcPhones313, 2},
    {"shuang", kOcPhones314, 2},
    {"shui", kOcPhones315, 2},
    {"shun", kOcPhones316, 2},
    {"shuo", kOcPhones317, 2},
    {"si", kOcPhones318, 2},
    {"song", kOcPhones319, 2},
    {"sou", kOcPhones320, 2},
    {"su", kOcPhones321, 2},
    {"suan", kOcPhones322, 2},
    {"sui", kOcPhones323, 2},
    {"sun", kOcPhones324, 2},
    {"suo", kOcPhones325, 2},
    {"ta", kOcPhones326, 2},
    {"tai", kOcPhones327, 2},
    {"tan", kOcPhones328, 2},
    {"tang", kOcPhones329, 2},
    {"tao", kOcPhones330, 2},
    {"te", kOcPhones331, 2},
    {"tei", kOcPhones332, 2},
    {"teng", kOcPhones333, 2},
    {"ti", kOcPhones334, 2},
    {"tian", kOcPhones335, 2},
    {"tiao", kOcPhones336, 2},
    {"tie", kOcPhones337, 2},
    {"ting", kOcPhones338, 2},
    {"tong", kOcPhones339, 2},
    {"tou", kOcPhones340, 2},
    {"tu", kOcPhones341, 2},
    {"tuan", kOcPhones342, 2},
    {"tui", kOcPhones343, 2},
    {"tun", kOcPhones344, 2},
    {"tuo", kOcPhones345, 2},
    {"wa", kOcPhones346, 2},
    {"wai", kOcPhones347, 2},
    {"wan", kOcPhones348, 2},
    {"wang", kOcPhones349, 2},
    {"wei", kOcPhones350, 2},
    {"wen", kOcPhones351, 2},
    {"weng", kOcPhones352, 2},
    {"wo", kOcPhones353, 2},
    {"wu", kOcPhones354, 2},
    {"xi", kOcPhones355, 2},
    {"xia", kOcPhones356, 2},
    {"xian", kOcPhones357, 2},
    {"xiang", kOcPhones358, 2},
    {"xiao", kOcPhones359, 2},
    {"xie", kOcPhones360, 2},
    {"xin", kOcPhones361, 2},
    {"xing", kOcPhones362, 2},
    {"xiong", kOcPhones363, 2},
    {"xiu", kOcPhones364, 2},
    {"xu", kOcPhones365, 2},
    {"xv", kOcPhones366, 2},
    {"xuan", kOcPhones367, 2},
    {"xvan", kOcPhones368, 2},
    {"xue", kOcPhones369, 2},
    {"xve", kOcPhones370, 2},
    {"xun", kOcPhones371, 2},
    {"xvn", kOcPhones372, 2},
    {"ya", kOcPhones373, 2},
    {"yan", kOcPhones374, 2},
    {"yang", kOcPhones375, 2},
    {"yao", kOcPhones376, 2},
    {"ye", kOcPhones377, 2},
    {"yi", kOcPhones378, 2},
    {"yin", kOcPhones379, 2},
    {"ying", kOcPhones380, 2},
    {"yo", kOcPhones381, 2},
    {"yong", kOcPhones382, 2},
    {"you", kOcPhones383, 2},
    {"yu", kOcPhones384, 2},
    {"yv", kOcPhones385, 2},
    {"yuan", kOcPhones386, 2},
    {"yvan", kOcPhones387, 2},
    {"yue", kOcPhones388, 2},
    {"yve", kOcPhones389, 2},
    {"yun", kOcPhones390, 2},
    {"yvn", kOcPhones391, 2},
    {"za", kOcPhones392, 2},
    {"zai", kOcPhones393, 2},
    {"zan", kOcPhones394, 2},
    {"zang", kOcPhones395, 2},
    {"zao", kOcPhones396, 2},
    {"ze", kOcPhones397, 2},
    {"zei", kOcPhones398, 2},
    {"zen", kOcPhones399, 2},
    {"zeng", kOcPhones400, 2},
    {"zha", kOcPhones401, 2},
    {"zhai", kOcPhones402, 2},
    {"zhan", kOcPhones403, 2},
    {"zhang", kOcPhones404, 2},
    {"zhao", kOcPhones405, 2},
    {"zhe", kOcPhones406, 2},
    {"zhei", kOcPhones407, 2},
    {"zhen", kOcPhones408, 2},
    {"zheng", kOcPhones409, 2},
    {"zhi", kOcPhones410, 2},
    {"zhong", kOcPhones411, 2},
    {"zhou", kOcPhones412, 2},
    {"zhu", kOcPhones413, 2},
    {"zhua", kOcPhones414, 2},
    {"zhuai", kOcPhones415, 2},
    {"zhuan", kOcPhones416, 2},
    {"zhuang", kOcPhones417, 2},
    {"zhui", kOcPhones418, 2},
    {"zhun", kOcPhones419, 2},
    {"zhuo", kOcPhones420, 2},
    {"zi", kOcPhones421, 2},
    {"zong", kOcPhones422, 2},
    {"zou", kOcPhones423, 2},
    {"zu", kOcPhones424, 2},
    {"zuan", kOcPhones425, 2},
    {"zui", kOcPhones426, 2},
    {"zun", kOcPhones427, 2},
    {"zuo", kOcPhones428, 2},
};
inline constexpr size_t kOpenCpopMap_len = 429;

// measure_dict in python dict insertion order
inline const std::pair<const char*, const char*> kMeasureDict[] = {
    {"cm2", "\xe5\xb9\xb3\xe6\x96\xb9\xe5\x8e\x98\xe7\xb1\xb3"},
    {"cm\xc2\xb2", "\xe5\xb9\xb3\xe6\x96\xb9\xe5\x8e\x98\xe7\xb1\xb3"},
    {"cm3", "\xe7\xab\x8b\xe6\x96\xb9\xe5\x8e\x98\xe7\xb1\xb3"},
    {"cm\xc2\xb3", "\xe7\xab\x8b\xe6\x96\xb9\xe5\x8e\x98\xe7\xb1\xb3"},
    {"cm", "\xe5\x8e\x98\xe7\xb1\xb3"},
    {"db", "\xe5\x88\x86\xe8\xb4\x9d"},
    {"ds", "\xe6\xaf\xab\xe7\xa7\x92"},
    {"kg", "\xe5\x8d\x83\xe5\x85\x8b"},
    {"km", "\xe5\x8d\x83\xe7\xb1\xb3"},
    {"m2", "\xe5\xb9\xb3\xe6\x96\xb9\xe7\xb1\xb3"},
    {"m\xc2\xb2", "\xe5\xb9\xb3\xe6\x96\xb9\xe7\xb1\xb3"},
    {"m\xc2\xb3", "\xe7\xab\x8b\xe6\x96\xb9\xe7\xb1\xb3"},
    {"m3", "\xe7\xab\x8b\xe6\x96\xb9\xe7\xb1\xb3"},
    {"ml", "\xe6\xaf\xab\xe5\x8d\x87"},
    {"m", "\xe7\xb1\xb3"},
    {"mm", "\xe6\xaf\xab\xe7\xb1\xb3"},
    {"s", "\xe7\xa7\x92"},
};
inline constexpr size_t kMeasureDict_len = sizeof(kMeasureDict) / sizeof(kMeasureDict[0]);

}  // namespace gsv::textfront
